testId,variant,sex,ageMin,ageMax,minScore,maxScore,percentile,classification
test_push_up,Default,MALE,20,29,0,21,20,Needs Improvement
test_push_up,Default,MALE,20,29,22,35,60,Healthy Fitness Zone
test_push_up,Default,MALE,20,29,36,100,90,Superior
test_push_up,Default,FEMALE,20,29,0,14,20,Needs Improvement
test_push_up,Default,FEMALE,20,29,15,29,60,Healthy Fitness Zone
test_push_up,Default,FEMALE,20,29,30,100,90,Superior
test_push_up,Default,MALE,30,39,0,16,20,Needs Improvement
test_push_up,Default,MALE,30,39,17,29,60,Healthy Fitness Zone
test_push_up,Default,MALE,30,39,30,100,90,Superior
test_push_up,Default,FEMALE,30,39,0,12,20,Needs Improvement
test_push_up,Default,FEMALE,30,39,13,26,60,Healthy Fitness Zone
test_push_up,Default,MALE,30,39,27,100,90,Superior
test_push_up,Default,MALE,40,49,0,12,20,Needs Improvement
test_push_up,Default,MALE,40,49,13,24,60,Healthy Fitness Zone
test_push_up,Default,FEMALE,40,49,25,100,90,Superior
test_push_up,Default,MALE,40,49,0,10,20,Needs Improvement
test_push_up,Default,MALE,40,49,11,23,60,Healthy Fitness Zone
test_push_up,Default,MALE,40,49,24,100,90,Superior
test_push_up,Default,FEMALE,50,59,0,9,20,Needs Improvement
test_push_up,Default,FEMALE,50,59,10,20,60,Healthy Fitness Zone
test_push_up,Default,FEMALE,50,59,21,100,90,Superior
test_push_up,Default,FEMALE,50,59,0,6,20,Needs Improvement
test_push_up,Default,FEMALE,50,59,7,20,60,Healthy Fitness Zone
test_push_up,Default,FEMALE,50,59,21,100,90,Superior
test_push_up,Default,MALE,60,69,0,7,20,Needs Improvement
test_push_up,Default,MALE,60,69,8,17,60,Healthy Fitness Zone
test_push_up,Default,MALE,60,69,18,100,90,Superior
test_push_up,Default,FEMALE,60,69,0,4,20,Needs Improvement
test_push_up,Default,FEMALE,60,69,5,16,60,Healthy Fitness Zone
test_push_up,Default,FEMALE,60,69,17,100,90,Superior
test_trunk_flexion,Default,MALE,20,29,0,29,20,Needs Improvement
test_trunk_flexion,Default,MALE,20,29,30,39,60,Healthy Fitness Zone
test_trunk_flexion,Default,MALE,20,29,40,100,90,Superior
test_trunk_flexion,Default,FEMALE,20,29,0,32,20,Needs Improvement
test_trunk_flexion,Default,FEMALE,20,29,33,40,60,Healthy Fitness Zone
test_trunk_flexion,Default,FEMALE,20,29,41,100,90,Superior
test_trunk_flexion,Default,MALE,30,39,0,27,20,Needs Improvement
test_trunk_flexion,Default,MALE,30,39,28,37,60,Healthy Fitness Zone
test_trunk_flexion,Default,MALE,30,39,38,100,90,Superior
test_trunk_flexion,Default,FEMALE,30,39,0,31,20,Needs Improvement
test_trunk_flexion,Default,FEMALE,30,39,32,40,60,Healthy Fitness Zone
test_trunk_flexion,Default,FEMALE,30,39,41,100,90,Superior
test_trunk_flexion,Default,MALE,40,49,0,23,20,Needs Improvement
test_trunk_flexion,Default,MALE,40,49,24,34,60,Healthy Fitness Zone
test_trunk_flexion,Default,MALE,40,49,35,100,90,Superior
test_trunk_flexion,Default,FEMALE,40,49,0,29,20,Needs Improvement
test_trunk_flexion,Default,FEMALE,40,49,30,37,60,Healthy Fitness Zone
test_trunk_flexion,Default,FEMALE,40,49,38,100,90,Superior
test_trunk_flexion,Default,MALE,50,59,0,23,20,Needs Improvement
test_trunk_flexion,Default,MALE,50,59,24,34,60,Healthy Fitness Zone
test_trunk_flexion,Default,MALE,50,59,35,100,90,Superior
test_trunk_flexion,Default,FEMALE,50,59,0,29,20,Needs Improvement
test_trunk_flexion,Default,FEMALE,50,59,30,38,60,Healthy Fitness Zone
test_trunk_flexion,Default,FEMALE,50,59,39,100,90,Superior
test_trunk_flexion,Default,MALE,60,69,0,19,20,Needs Improvement
test_trunk_flexion,Default,MALE,60,69,20,32,60,Healthy Fitness Zone
test_trunk_flexion,Default,MALE,60,69,33,100,90,Superior
test_trunk_flexion,Default,FEMALE,60,69,0,26,20,Needs Improvement
test_trunk_flexion,Default,FEMALE,60,69,27,34,60,Healthy Fitness Zone
test_trunk_flexion,Default,FEMALE,60,69,35,100,90,Superior
test_flexed_arm_hang,Default,MALE,20,29,0,19,20,Needs Improvement
test_flexed_arm_hang,Default,MALE,20,29,20,49,60,Healthy Fitness Zone
test_flexed_arm_hang,Default,MALE,20,29,50,300,90,Superior
test_flexed_arm_hang,Default,FEMALE,20,29,0,9,20,Needs Improvement
test_flexed_arm_hang,Default,FEMALE,20,29,10,29,60,Healthy Fitness Zone
test_flexed_arm_hang,Default,FEMALE,20,29,30,300,90,Superior
test_flexed_arm_hang,Default,MALE,30,39,0,17,20,Needs Improvement
test_flexed_arm_hang,Default,MALE,30,39,18,44,60,Healthy Fitness Zone
test_flexed_arm_hang,Default,MALE,30,39,45,300,90,Superior
test_flexed_arm_hang,Default,FEMALE,30,39,0,8,20,Needs Improvement
test_flexed_arm_hang,Default,FEMALE,30,39,9,24,60,Healthy Fitness Zone
test_flexed_arm_hang,Default,FEMALE,30,39,25,300,90,Superior
test_flexed_arm_hang,Default,MALE,40,49,0,14,20,Needs Improvement
test_flexed_arm_hang,Default,MALE,40,49,15,39,60,Healthy Fitness Zone
test_flexed_arm_hang,Default,MALE,40,49,40,300,90,Superior
test_flexed_arm_hang,Default,FEMALE,40,49,0,7,20,Needs Improvement
test_flexed_arm_hang,Default,FEMALE,40,49,8,19,60,Healthy Fitness Zone
test_flexed_arm_hang,Default,FEMALE,40,49,20,300,90,Superior
test_flexed_arm_hang,Default,MALE,50,59,0,11,20,Needs Improvement
test_flexed_arm_hang,Default,MALE,50,59,12,29,60,Healthy Fitness Zone
test_flexed_arm_hang,Default,MALE,50,59,30,300,90,Superior
test_flexed_arm_hang,Default,FEMALE,50,59,0,5,20,Needs Improvement
test_flexed_arm_hang,Default,FEMALE,50,59,6,14,60,Healthy Fitness Zone
test_flexed_arm_hang,Default,FEMALE,50,59,15,300,90,Superior
test_flexed_arm_hang,Default,MALE,60,69,0,8,20,Needs Improvement
test_flexed_arm_hang,Default,MALE,60,69,9,19,60,Healthy Fitness Zone
test_flexed_arm_hang,Default,MALE,60,69,20,300,90,Superior
test_flexed_arm_hang,Default,FEMALE,60,69,0,3,20,Needs Improvement
test_flexed_arm_hang,Default,FEMALE,60,69,4,9,60,Healthy Fitness Zone
test_flexed_arm_hang,Default,FEMALE,60,69,10,300,90,Superior
test_curl_up,Default,MALE,20,29,0,17,20,Needs Improvement
test_curl_up,Default,MALE,20,29,18,40,60,Healthy Fitness Zone
test_curl_up,Default,MALE,20,29,41,75,90,Superior
test_curl_up,Default,FEMALE,20,29,0,14,20,Needs Improvement
test_curl_up,Default,FEMALE,20,29,15,40,60,Healthy Fitness Zone
test_curl_up,Default,FEMALE,20,29,41,75,90,Superior
test_curl_up,Default,MALE,30,39,0,15,20,Needs Improvement
test_curl_up,Default,MALE,30,39,16,36,60,Healthy Fitness Zone
test_curl_up,Default,MALE,30,39,37,75,90,Superior
test_curl_up,Default,FEMALE,30,39,0,12,20,Needs Improvement
test_curl_up,Default,FEMALE,30,39,13,34,60,Healthy Fitness Zone
test_curl_up,Default,FEMALE,30,39,35,75,90,Superior
test_curl_up,Default,MALE,40,49,0,12,20,Needs Improvement
test_curl_up,Default,MALE,40,49,13,32,60,Healthy Fitness Zone
test_curl_up,Default,MALE,40,49,33,75,90,Superior
test_curl_up,Default,FEMALE,40,49,0,10,20,Needs Improvement
test_curl_up,Default,FEMALE,40,49,11,30,60,Healthy Fitness Zone
test_curl_up,Default,FEMALE,40,49,31,75,90,Superior
test_curl_up,Default,MALE,50,59,0,10,20,Needs Improvement
test_curl_up,Default,MALE,50,59,11,28,60,Healthy Fitness Zone
test_curl_up,Default,MALE,50,59,29,75,90,Superior
test_curl_up,Default,FEMALE,50,59,0,8,20,Needs Improvement
test_curl_up,Default,FEMALE,50,59,9,26,60,Healthy Fitness Zone
test_curl_up,Default,FEMALE,50,59,27,75,90,Superior
test_curl_up,Default,MALE,60,69,0,8,20,Needs Improvement
test_curl_up,Default,MALE,60,69,9,24,60,Healthy Fitness Zone
test_curl_up,Default,MALE,60,69,25,75,90,Superior
test_curl_up,Default,FEMALE,60,69,0,6,20,Needs Improvement
test_curl_up,Default,FEMALE,60,69,7,22,60,Healthy Fitness Zone
test_curl_up,Default,FEMALE,60,69,23,75,90,Superior
test_cooper_12_min_run,Default,MALE,20,29,0,2099,20,Needs Improvement
test_cooper_12_min_run,Default,MALE,20,29,2100,2799,60,Healthy Fitness Zone
test_cooper_12_min_run,Default,MALE,20,29,2800,5000,90,Superior
test_cooper_12_min_run,Default,FEMALE,20,29,0,1699,20,Needs Improvement
test_cooper_12_min_run,Default,FEMALE,20,29,1700,2699,60,Healthy Fitness Zone
test_cooper_12_min_run,Default,FEMALE,20,29,2700,5000,90,Superior
test_cooper_12_min_run,Default,MALE,30,39,0,1899,20,Needs Improvement
test_cooper_12_min_run,Default,MALE,30,39,1900,2699,60,Healthy Fitness Zone
test_cooper_12_min_run,Default,MALE,30,39,2700,5000,90,Superior
test_cooper_12_min_run,Default,FEMALE,30,39,0,1599,20,Needs Improvement
test_cooper_12_min_run,Default,FEMALE,30,39,1600,2499,60,Healthy Fitness Zone
test_cooper_12_min_run,Default,FEMALE,30,39,2500,5000,90,Superior
test_cooper_12_min_run,Default,MALE,40,49,0,1699,20,Needs Improvement
test_cooper_12_min_run,Default,MALE,40,49,1700,2499,60,Healthy Fitness Zone
test_cooper_12_min_run,Default,MALE,40,49,2500,5000,90,Superior
test_cooper_12_min_run,Default,FEMALE,40,49,0,1499,20,Needs Improvement
test_cooper_12_min_run,Default,FEMALE,40,49,1500,2299,60,Healthy Fitness Zone
test_cooper_12_min_run,Default,FEMALE,40,49,2300,5000,90,Superior
test_cooper_12_min_run,Default,MALE,50,59,0,1599,20,Needs Improvement
test_cooper_12_min_run,Default,MALE,50,59,1600,2399,60,Healthy Fitness Zone
test_cooper_12_min_run,Default,MALE,50,59,2400,5000,90,Superior
test_cooper_12_min_run,Default,FEMALE,50,59,0,1399,20,Needs Improvement
test_cooper_12_min_run,Default,FEMALE,50,59,1400,2099,60,Healthy Fitness Zone
test_cooper_12_min_run,Default,FEMALE,50,59,2100,5000,90,Superior
test_cooper_12_min_run,Default,MALE,60,69,0,1399,20,Needs Improvement
test_cooper_12_min_run,Default,MALE,60,69,1400,2199,60,Healthy Fitness Zone
test_cooper_12_min_run,Default,MALE,60,69,2200,5000,90,Superior
test_cooper_12_min_run,Default,FEMALE,60,69,0,1199,20,Needs Improvement
test_cooper_12_min_run,Default,FEMALE,60,69,1200,1899,60,Healthy Fitness Zone
test_cooper_12_min_run,Default,FEMALE,60,69,1900,5000,90,Superior
test_waist_circumference,Default,MALE,20,29,0,79,60,Healthy Fitness Zone
test_waist_circumference,Default,MALE,20,29,80,99,60,Healthy Fitness Zone
test_waist_circumference,Default,MALE,20,29,100,120,20,Needs Improvement
test_waist_circumference,Default,MALE,20,29,121,300,20,Needs Improvement
test_waist_circumference,Default,FEMALE,20,29,0,69,60,Healthy Fitness Zone
test_waist_circumference,Default,FEMALE,20,29,70,89,60,Healthy Fitness Zone
test_waist_circumference,Default,FEMALE,20,29,90,109,20,Needs Improvement
test_waist_circumference,Default,FEMALE,20,29,110,300,20,Needs Improvement
test_waist_circumference,Default,MALE,30,39,0,79,60,Healthy Fitness Zone
test_waist_circumference,Default,MALE,30,39,80,99,60,Healthy Fitness Zone
test_waist_circumference,Default,MALE,30,39,100,120,20,Needs Improvement
test_waist_circumference,Default,MALE,30,39,121,300,20,Needs Improvement
test_waist_circumference,Default,FEMALE,30,39,0,69,60,Healthy Fitness Zone
test_waist_circumference,Default,FEMALE,30,39,70,89,60,Healthy Fitness Zone
test_waist_circumference,Default,FEMALE,30,39,90,109,20,Needs Improvement
test_waist_circumference,Default,FEMALE,30,39,110,300,20,Needs Improvement
test_waist_circumference,Default,MALE,40,49,0,79,60,Healthy Fitness Zone
test_waist_circumference,Default,MALE,40,49,80,99,60,Healthy Fitness Zone
test_waist_circumference,Default,MALE,40,49,100,120,20,Needs Improvement
test_waist_circumference,Default,MALE,40,49,121,300,20,Needs Improvement
test_waist_circumference,Default,FEMALE,40,49,0,69,60,Healthy Fitness Zone
test_waist_circumference,Default,FEMALE,40,49,70,89,60,Healthy Fitness Zone
test_waist_circumference,Default,FEMALE,40,49,90,109,20,Needs Improvement
test_waist_circumference,Default,FEMALE,40,49,110,300,20,Needs Improvement
test_waist_circumference,Default,MALE,50,59,0,79,60,Healthy Fitness Zone
test_waist_circumference,Default,MALE,50,59,80,99,60,Healthy Fitness Zone
test_waist_circumference,Default,MALE,50,59,100,120,20,Needs Improvement
test_waist_circumference,Default,MALE,50,59,121,300,20,Needs Improvement
test_waist_circumference,Default,FEMALE,50,59,0,69,60,Healthy Fitness Zone
test_waist_circumference,Default,FEMALE,50,59,70,89,60,Healthy Fitness Zone
test_waist_circumference,Default,FEMALE,50,59,90,109,20,Needs Improvement
test_waist_circumference,Default,FEMALE,50,59,110,300,20,Needs Improvement
test_waist_circumference,Default,MALE,60,69,0,79,60,Healthy Fitness Zone
test_waist_circumference,Default,MALE,60,69,80,99,60,Healthy Fitness Zone
test_waist_circumference,Default,MALE,60,69,100,120,20,Needs Improvement
test_waist_circumference,Default,MALE,60,69,121,300,20,Needs Improvement
test_waist_circumference,Default,FEMALE,60,69,0,69,60,Healthy Fitness Zone
test_waist_circumference,Default,FEMALE,60,69,70,89,60,Healthy Fitness Zone
test_waist_circumference,Default,FEMALE,60,69,90,109,20,Needs Improvement
test_waist_circumference,Default,FEMALE,60,69,110,300,20,Needs Improvement
test_bmi,Default,MALE,20,29,0,18.4,20,Needs Improvement
test_bmi,Default,MALE,20,29,18.5,24.9,60,Healthy Fitness Zone
test_bmi,Default,MALE,20,29,25,100,20,Needs Improvement
test_bmi,Default,FEMALE,20,29,0,18.4,20,Needs Improvement
test_bmi,Default,FEMALE,20,29,18.5,24.9,60,Healthy Fitness Zone
test_bmi,Default,FEMALE,20,29,25,100,20,Needs Improvement
test_bmi,Default,MALE,30,39,0,18.4,20,Needs Improvement
test_bmi,Default,MALE,30,39,18.5,24.9,60,Healthy Fitness Zone
test_bmi,Default,MALE,30,39,25,100,20,Needs Improvement
test_bmi,Default,FEMALE,30,39,0,18.4,20,Needs Improvement
test_bmi,Default,FEMALE,30,39,18.5,24.9,60,Healthy Fitness Zone
test_bmi,Default,FEMALE,30,39,25,100,20,Needs Improvement
test_bmi,Default,MALE,40,49,0,18.4,20,Needs Improvement
test_bmi,Default,MALE,40,49,18.5,24.9,60,Healthy Fitness Zone
test_bmi,Default,MALE,40,49,25,100,20,Needs Improvement
test_bmi,Default,FEMALE,40,49,0,18.4,20,Needs Improvement
test_bmi,Default,FEMALE,40,49,18.5,24.9,60,Healthy Fitness Zone
test_bmi,Default,FEMALE,40,49,25,100,20,Needs Improvement
test_bmi,Default,MALE,50,59,0,18.4,20,Needs Improvement
test_bmi,Default,MALE,50,59,18.5,24.9,60,Healthy Fitness Zone
test_bmi,Default,MALE,50,59,25,100,20,Needs Improvement
test_bmi,Default,FEMALE,50,59,0,18.4,20,Needs Improvement
test_bmi,Default,FEMALE,50,59,18.5,24.9,60,Healthy Fitness Zone
test_bmi,Default,FEMALE,50,59,25,100,20,Needs Improvement
test_bmi,Default,MALE,60,69,0,18.4,20,Needs Improvement
test_bmi,Default,MALE,60,69,18.5,24.9,60,Healthy Fitness Zone
test_bmi,Default,MALE,60,69,25,100,20,Needs Improvement
test_bmi,Default,FEMALE,60,69,0,18.4,20,Needs Improvement
test_bmi,Default,FEMALE,60,69,18.5,24.9,60,Healthy Fitness Zone
test_bmi,Default,FEMALE,60,69,25,100,20,Needs Improvement
test_rockport_walk,Default,MALE,20,29,0,41.6,20,Needs Improvement
test_rockport_walk,Default,MALE,20,29,41.7,55.2,60,Healthy Fitness Zone
test_rockport_walk,Default,MALE,20,29,55.3,80,90,Superior
test_rockport_walk,Default,FEMALE,20,29,0,35.9,20,Needs Improvement
test_rockport_walk,Default,FEMALE,20,29,36,49.1,60,Healthy Fitness Zone
test_rockport_walk,Default,FEMALE,20,29,49.2,80,90,Superior
test_rockport_walk,Default,MALE,30,39,0,40.2,20,Needs Improvement
test_rockport_walk,Default,MALE,30,39,40.3,52.4,60,Healthy Fitness Zone
test_rockport_walk,Default,MALE,30,39,52.5,80,90,Superior
test_rockport_walk,Default,FEMALE,30,39,0,34.7,20,Needs Improvement
test_rockport_walk,Default,FEMALE,30,39,34.8,46.8,60,Healthy Fitness Zone
test_rockport_walk,Default,FEMALE,30,39,46.9,80,90,Superior
test_rockport_walk,Default,MALE,40,49,0,37.8,20,Needs Improvement
test_rockport_walk,Default,MALE,40,49,37.9,50.9,60,Healthy Fitness Zone
test_rockport_walk,Default,MALE,40,49,51,80,90,Superior
test_rockport_walk,Default,FEMALE,40,49,0,33,20,Needs Improvement
test_rockport_walk,Default,FEMALE,40,49,33.1,45,60,Healthy Fitness Zone
test_rockport_walk,Default,FEMALE,40,49,45.1,80,90,Superior
test_rockport_walk,Default,MALE,50,59,0,35.7,20,Needs Improvement
test_rockport_walk,Default,MALE,50,59,35.8,48.1,60,Healthy Fitness Zone
test_rockport_walk,Default,MALE,50,59,48.2,80,90,Superior
test_rockport_walk,Default,FEMALE,50,59,0,31.5,20,Needs Improvement
test_rockport_walk,Default,FEMALE,50,59,31.6,42.4,60,Healthy Fitness Zone
test_rockport_walk,Default,FEMALE,50,59,42.5,80,90,Superior
test_rockport_walk,Default,MALE,60,69,0,33.7,20,Needs Improvement
test_rockport_walk,Default,MALE,60,69,33.8,45.3,60,Healthy Fitness Zone
test_rockport_walk,Default,MALE,60,69,45.4,80,90,Superior
test_rockport_walk,Default,FEMALE,60,69,0,30.2,20,Needs Improvement
test_rockport_walk,Default,FEMALE,60,69,30.3,39.6,60,Healthy Fitness Zone
test_rockport_walk,Default,FEMALE,60,69,39.7,80,90,Superior
test_waist_to_hip_ratio,Default,FEMALE,20,29,0,0.84,60,Healthy Fitness Zone
test_waist_to_hip_ratio,Default,FEMALE,20,29,0.85,2,20,Needs Improvement
test_waist_to_hip_ratio,Default,FEMALE,30,39,0,0.84,60,Healthy Fitness Zone
test_waist_to_hip_ratio,Default,FEMALE,30,39,0.85,2,20,Needs Improvement
test_waist_to_hip_ratio,Default,FEMALE,40,49,0,0.84,60,Healthy Fitness Zone
test_waist_to_hip_ratio,Default,FEMALE,40,49,0.85,2,20,Needs Improvement
test_waist_to_hip_ratio,Default,FEMALE,50,59,0,0.84,60,Healthy Fitness Zone
test_waist_to_hip_ratio,Default,FEMALE,50,59,0.85,2,20,Needs Improvement
test_waist_to_hip_ratio,Default,FEMALE,60,69,0,0.84,60,Healthy Fitness Zone
test_waist_to_hip_ratio,Default,FEMALE,60,69,0.85,2,20,Needs Improvement
test_bess,Default,FEMALE,20,29,0,12,20,Needs Improvement
test_bess,Default,FEMALE,20,29,13,20,60,Healthy Fitness Zone
test_bess,Default,FEMALE,20,29,21,30,90,Superior
test_bess,Default,FEMALE,30,39,0,10,20,Needs Improvement
test_bess,Default,FEMALE,30,39,11,18,60,Healthy Fitness Zone
test_bess,Default,FEMALE,30,39,19,30,90,Superior
test_bess,Default,FEMALE,40,49,0,9,20,Needs Improvement
test_bess,Default,FEMALE,40,49,10,18,60,Healthy Fitness Zone
test_bess,Default,FEMALE,40,49,19,30,90,Superior
test_bess,Default,FEMALE,50,54,0,11,20,Needs Improvement
test_bess,Default,FEMALE,50,54,12,21,60,Healthy Fitness Zone
test_bess,Default,FEMALE,50,54,22,30,90,Superior
test_bess,Default,FEMALE,55,59,0,10,20,Needs Improvement
test_bess,Default,FEMALE,55,59,11,22,60,Healthy Fitness Zone
test_bess,Default,FEMALE,55,59,23,30,90,Superior
test_bess,Default,FEMALE,60,64,0,12,20,Needs Improvement
test_bess,Default,FEMALE,60,64,13,23,60,Healthy Fitness Zone
test_bess,Default,FEMALE,60,64,24,30,90,Superior
test_bess,Default,FEMALE,65,69,0,14,20,Needs Improvement
test_bess,Default,FEMALE,65,69,15,25,60,Healthy Fitness Zone
test_bess,Default,FEMALE,65,69,26,30,90,Superior
test_back_scratch,Default,MALE,20,29,-30,-9,20,Needs Improvement
test_back_scratch,Default,MALE,20,29,-8,5,60,Healthy Fitness Zone
test_back_scratch,Default,MALE,20,29,6,15,90,Superior
test_back_scratch,Default,FEMALE,20,29,-20,-1,20,Needs Improvement
test_back_scratch,Default,FEMALE,20,29,0,8,60,Healthy Fitness Zone
test_back_scratch,Default,FEMALE,20,29,9,20,90,Superior
test_back_scratch,Default,MALE,30,39,-30,-12,20,Needs Improvement
test_back_scratch,Default,MALE,30,39,-11,4,60,Healthy Fitness Zone
test_back_scratch,Default,MALE,30,39,5,15,90,Superior
test_back_scratch,Default,FEMALE,30,39,-20,-3,20,Needs Improvement
test_back_scratch,Default,FEMALE,30,39,-2,7,60,Healthy Fitness Zone
test_back_scratch,Default,FEMALE,30,39,8,20,90,Superior
test_back_scratch,Default,MALE,40,49,-30,-15,20,Needs Improvement
test_back_scratch,Default,MALE,40,49,-14,3,60,Healthy Fitness Zone
test_back_scratch,Default,MALE,40,49,4,15,90,Superior
test_back_scratch,Default,FEMALE,40,49,-20,-6,20,Needs Improvement
test_back_scratch,Default,FEMALE,40,49,-5,6,60,Healthy Fitness Zone
test_back_scratch,Default,FEMALE,40,49,7,20,90,Superior
test_back_scratch,Default,MALE,50,59,-30,-11,20,Needs Improvement
test_back_scratch,Default,MALE,50,59,-10,4,60,Healthy Fitness Zone
test_back_scratch,Default,MALE,50,59,5,15,90,Superior
test_back_scratch,Default,FEMALE,50,59,-20,-4,20,Needs Improvement
test_back_scratch,Default,FEMALE,50,59,-3,8,60,Healthy Fitness Zone
test_back_scratch,Default,FEMALE,50,59,9,20,90,Superior
test_back_scratch,Default,MALE,60,65,-30,-8,20,Needs Improvement
test_back_scratch,Default,MALE,60,65,-7,5,60,Healthy Fitness Zone
test_back_scratch,Default,MALE,60,65,6,15,90,Superior
test_back_scratch,Default,FEMALE,60,65,-20,-10,20,Needs Improvement
test_back_scratch,Default,FEMALE,60,65,-9,5,60,Healthy Fitness Zone
test_back_scratch,Default,FEMALE,60,65,6,20,90,Superior
test_toe_touch,Default,MALE,5,12,-30,14,20,Needs Improvement
test_toe_touch,Default,MALE,5,12,15,29,60,Healthy Fitness Zone
test_toe_touch,Default,MALE,5,12,30,50,90,Superior
test_toe_touch,Default,FEMALE,5,12,-30,16,20,Needs Improvement
test_toe_touch,Default,FEMALE,5,12,17,31,60,Healthy Fitness Zone
test_toe_touch,Default,FEMALE,5,12,32,50,90,Superior
test_toe_touch,Default,MALE,13,19,-30,17,20,Needs Improvement
test_toe_touch,Default,MALE,13,19,18,32,60,Healthy Fitness Zone
test_toe_touch,Default,MALE,13,19,33,55,90,Superior
test_toe_touch,Default,FEMALE,13,19,-30,19,20,Needs Improvement
test_toe_touch,Default,FEMALE,13,19,20,34,60,Healthy Fitness Zone
test_toe_touch,Default,FEMALE,13,19,35,55,90,Superior
test_toe_touch,Default,MALE,20,40,-30,14,20,Needs Improvement
test_toe_touch,Default,MALE,20,40,15,29,60,Healthy Fitness Zone
test_toe_touch,Default,MALE,20,40,30,55,90,Superior
test_toe_touch,Default,FEMALE,20,40,-30,17,20,Needs Improvement
test_toe_touch,Default,FEMALE,20,40,18,34,60,Healthy Fitness Zone
test_toe_touch,Default,FEMALE,20,40,35,60,90,Superior
test_toe_touch,Default,MALE,41,62,-30,11,20,Needs Improvement
test_toe_touch,Default,MALE,41,62,12,24,60,Healthy Fitness Zone
test_toe_touch,Default,MALE,41,62,25,50,90,Superior
test_toe_touch,Default,FEMALE,41,62,-30,14,20,Needs Improvement
test_toe_touch,Default,FEMALE,41,62,15,29,60,Healthy Fitness Zone
test_toe_touch,Default,FEMALE,41,62,30,55,90,Superior
test_toe_touch,Default,MALE,63,115,-30,8,20,Needs Improvement
test_toe_touch,Default,MALE,63,115,9,19,60,Healthy Fitness Zone
test_toe_touch,Default,MALE,63,115,20,45,90,Superior
test_toe_touch,Default,FEMALE,63,115,-30,11,20,Needs Improvement
test_toe_touch,Default,FEMALE,63,115,12,24,60,Healthy Fitness Zone
test_toe_touch,Default,FEMALE,63,115,25,50,90,Superior
test_beep,Default,MALE,5,12,1,4.9,20,Needs Improvement
test_beep,Default,MALE,5,12,5,7.9,60,Healthy Fitness Zone
test_beep,Default,MALE,5,12,8,15,90,Superior
test_beep,Default,FEMALE,5,12,1,3.9,20,Needs Improvement
test_beep,Default,FEMALE,5,12,4,6.9,60,Healthy Fitness Zone
test_beep,Default,FEMALE,5,12,7,15,90,Superior
test_beep,Default,MALE,13,19,1,6.9,20,Needs Improvement
test_beep,Default,MALE,13,19,7,10.9,60,Healthy Fitness Zone
test_beep,Default,MALE,13,19,11,15,90,Superior
test_beep,Default,FEMALE,13,19,1,4.9,20,Needs Improvement
test_beep,Default,FEMALE,13,19,5,8.9,60,Healthy Fitness Zone
test_beep,Default,FEMALE,13,19,9,15,90,Superior
test_beep,Default,MALE,20,40,1,5.9,20,Needs Improvement
test_beep,Default,MALE,20,40,6,9.9,60,Healthy Fitness Zone
test_beep,Default,MALE,20,40,10,15,90,Superior
test_beep,Default,FEMALE,20,40,1,4.9,20,Needs Improvement
test_beep,Default,FEMALE,20,40,5,7.9,60,Healthy Fitness Zone
test_beep,Default,FEMALE,20,40,8,15,90,Superior
test_beep,Default,MALE,41,62,1,4.9,20,Needs Improvement
test_beep,Default,MALE,41,62,5,7.9,60,Healthy Fitness Zone
test_beep,Default,MALE,41,62,8,15,90,Superior
test_beep,Default,FEMALE,41,62,1,3.9,20,Needs Improvement
test_beep,Default,FEMALE,41,62,4,6.9,60,Healthy Fitness Zone
test_beep,Default,FEMALE,41,62,7,15,90,Superior
test_beep,Default,MALE,63,115,1,2.9,20,Needs Improvement
test_beep,Default,MALE,63,115,3,5.9,60,Healthy Fitness Zone
test_beep,Default,MALE,63,115,6,15,90,Superior
test_beep,Default,FEMALE,63,115,1,2.9,20,Needs Improvement
test_beep,Default,FEMALE,63,115,3,4.9,60,Healthy Fitness Zone
test_beep,Default,FEMALE,63,115,5,15,90,Superior
test_flamingo_balance,Default,MALE,5,12,11,99,20,Needs Improvement
test_flamingo_balance,Default,MALE,5,12,5,10,60,Healthy Fitness Zone
test_flamingo_balance,Default,MALE,5,12,0,4,90,Superior
test_flamingo_balance,Default,FEMALE,5,12,10,99,20,Needs Improvement
test_flamingo_balance,Default,FEMALE,5,12,4,9,60,Healthy Fitness Zone
test_flamingo_balance,Default,FEMALE,5,12,0,3,90,Superior
test_flamingo_balance,Default,MALE,13,19,8,99,20,Needs Improvement
test_flamingo_balance,Default,MALE,13,19,3,7,60,Healthy Fitness Zone
test_flamingo_balance,Default,MALE,13,19,0,2,90,Superior
test_flamingo_balance,Default,FEMALE,13,19,7,99,20,Needs Improvement
test_flamingo_balance,Default,FEMALE,13,19,2,6,60,Healthy Fitness Zone
test_flamingo_balance,Default,FEMALE,13,19,0,1,90,Superior
test_flamingo_balance,Default,MALE,20,40,6,99,20,Needs Improvement
test_flamingo_balance,Default,MALE,20,40,2,5,60,Healthy Fitness Zone
test_flamingo_balance,Default,MALE,20,40,0,1,90,Superior
test_flamingo_balance,Default,FEMALE,20,40,5,99,20,Needs Improvement
test_flamingo_balance,Default,FEMALE,20,40,2,4,60,Healthy Fitness Zone
test_flamingo_balance,Default,FEMALE,20,40,0,1,90,Superior
test_flamingo_balance,Default,MALE,41,62,8,99,20,Needs Improvement
test_flamingo_balance,Default,MALE,41,62,3,7,60,Healthy Fitness Zone
test_flamingo_balance,Default,MALE,41,62,0,2,90,Superior
test_flamingo_balance,Default,FEMALE,41,62,7,99,20,Needs Improvement
test_flamingo_balance,Default,FEMALE,41,62,3,6,60,Healthy Fitness Zone
test_flamingo_balance,Default,FEMALE,41,62,0,2,90,Superior
test_flamingo_balance,Default,MALE,63,115,10,99,20,Needs Improvement
test_flamingo_balance,Default,MALE,63,115,5,9,60,Healthy Fitness Zone
test_flamingo_balance,Default,MALE,63,115,0,4,90,Superior
test_flamingo_balance,Default,FEMALE,63,115,9,99,20,Needs Improvement
test_flamingo_balance,Default,FEMALE,63,115,4,8,60,Healthy Fitness Zone
test_flamingo_balance,Default,FEMALE,63,115,0,3,90,Superior
test_sit_up,Default,MALE,5,12,0,19,20,Needs Improvement
test_sit_up,Default,MALE,5,12,20,34,60,Healthy Fitness Zone
test_sit_up,Default,MALE,5,12,35,80,90,Superior
test_sit_up,Default,FEMALE,5,12,0,17,20,Needs Improvement
test_sit_up,Default,FEMALE,5,12,18,29,60,Healthy Fitness Zone
test_sit_up,Default,FEMALE,5,12,30,80,90,Superior
test_sit_up,Default,MALE,13,19,0,29,20,Needs Improvement
test_sit_up,Default,MALE,13,19,30,44,60,Healthy Fitness Zone
test_sit_up,Default,MALE,13,19,45,80,90,Superior
test_sit_up,Default,FEMALE,13,19,0,24,20,Needs Improvement
test_sit_up,Default,FEMALE,13,19,25,39,60,Healthy Fitness Zone
test_sit_up,Default,FEMALE,13,19,40,80,90,Superior
test_sit_up,Default,MALE,20,40,0,29,20,Needs Improvement
test_sit_up,Default,MALE,20,40,30,44,60,Healthy Fitness Zone
test_sit_up,Default,MALE,20,40,45,80,90,Superior
test_sit_up,Default,FEMALE,20,40,0,24,20,Needs Improvement
test_sit_up,Default,FEMALE,20,40,25,39,60,Healthy Fitness Zone
test_sit_up,Default,FEMALE,20,40,40,80,90,Superior
test_sit_up,Default,MALE,41,62,0,24,20,Needs Improvement
test_sit_up,Default,MALE,41,62,25,39,60,Healthy Fitness Zone
test_sit_up,Default,MALE,41,62,40,80,90,Superior
test_sit_up,Default,FEMALE,41,62,0,19,20,Needs Improvement
test_sit_up,Default,FEMALE,41,62,20,34,60,Healthy Fitness Zone
test_sit_up,Default,FEMALE,41,62,35,80,90,Superior
test_sit_up,Default,MALE,63,115,0,14,20,Needs Improvement
test_sit_up,Default,MALE,63,115,15,29,60,Healthy Fitness Zone
test_sit_up,Default,MALE,63,115,30,80,90,Superior
test_sit_up,Default,FEMALE,63,115,0,11,20,Needs Improvement
test_sit_up,Default,FEMALE,63,115,12,24,60,Healthy Fitness Zone
test_sit_up,Default,FEMALE,63,115,25,80,90,Superior
test_shuttle_run,Default,MALE,5,12,25.01,40,20,Needs Improvement
test_shuttle_run,Default,MALE,5,12,21.01,25,60,Healthy Fitness Zone
test_shuttle_run,Default,MALE,5,12,15,21,90,Superior
test_shuttle_run,Default,FEMALE,5,12,26.01,40,20,Needs Improvement
test_shuttle_run,Default,FEMALE,5,12,22.01,26,60,Healthy Fitness Zone
test_shuttle_run,Default,FEMALE,5,12,16,22,90,Superior
test_shuttle_run,Default,MALE,13,19,22.01,40,20,Needs Improvement
test_shuttle_run,Default,MALE,13,19,18.01,22,60,Healthy Fitness Zone
test_shuttle_run,Default,MALE,13,19,13,18,90,Superior
test_shuttle_run,Default,FEMALE,13,19,23.01,40,20,Needs Improvement
test_shuttle_run,Default,FEMALE,13,19,19.01,23,60,Healthy Fitness Zone
test_shuttle_run,Default,FEMALE,13,19,14,19,90,Superior
test_shuttle_run,Default,MALE,20,40,21.01,40,20,Needs Improvement
test_shuttle_run,Default,MALE,20,40,17.01,21,60,Healthy Fitness Zone
test_shuttle_run,Default,MALE,20,40,12,17,90,Superior
test_shuttle_run,Default,FEMALE,20,40,22.01,40,20,Needs Improvement
test_shuttle_run,Default,FEMALE,20,40,18.01,22,60,Healthy Fitness Zone
test_shuttle_run,Default,FEMALE,20,40,13,18,90,Superior
test_shuttle_run,Default,MALE,41,62,23.01,45,20,Needs Improvement
test_shuttle_run,Default,MALE,41,62,19.01,23,60,Healthy Fitness Zone
test_shuttle_run,Default,MALE,41,62,14,19,90,Superior
test_shuttle_run,Default,FEMALE,41,62,24.01,45,20,Needs Improvement
test_shuttle_run,Default,FEMALE,41,62,20.01,24,60,Healthy Fitness Zone
test_shuttle_run,Default,FEMALE,41,62,15,20,90,Superior
test_shuttle_run,Default,MALE,63,115,26.01,60,20,Needs Improvement
test_shuttle_run,Default,MALE,63,115,21.01,26,60,Healthy Fitness Zone
test_shuttle_run,Default,MALE,63,115,16,21,90,Superior
test_shuttle_run,Default,FEMALE,63,115,27.01,60,20,Needs Improvement
test_shuttle_run,Default,FEMALE,63,115,22.01,27,60,Healthy Fitness Zone
test_shuttle_run,Default,FEMALE,63,115,17,22,90,Superior
test_1.6_mile_run,Default,MALE,5,12,901,2000,20,Needs Improvement
test_1.6_mile_run,Default,MALE,5,12,661,900,60,Healthy Fitness Zone
test_1.6_mile_run,Default,MALE,5,12,300,660,90,Superior
test_1.6_mile_run,Default,FEMALE,5,12,961,2000,20,Needs Improvement
test_1.6_mile_run,Default,FEMALE,5,12,721,960,60,Healthy Fitness Zone
test_1.6_mile_run,Default,FEMALE,5,12,330,720,90,Superior
test_1.6_mile_run,Default,MALE,13,19,841,2000,20,Needs Improvement
test_1.6_mile_run,Default,MALE,13,19,601,840,60,Healthy Fitness Zone
test_1.6_mile_run,Default,MALE,13,19,280,600,90,Superior
test_1.6_mile_run,Default,FEMALE,13,19,901,2000,20,Needs Improvement
test_1.6_mile_run,Default,FEMALE,13,19,661,900,60,Healthy Fitness Zone
test_1.6_mile_run,Default,FEMALE,13,19,300,660,90,Superior
test_1.6_mile_run,Default,MALE,20,40,781,2000,20,Needs Improvement
test_1.6_mile_run,Default,MALE,20,40,541,780,60,Healthy Fitness Zone
test_1.6_mile_run,Default,MALE,20,40,240,540,90,Superior
test_1.6_mile_run,Default,FEMALE,20,40,841,2000,20,Needs Improvement
test_1.6_mile_run,Default,FEMALE,20,40,601,840,60,Healthy Fitness Zone
test_1.6_mile_run,Default,FEMALE,20,40,270,600,90,Superior
test_1.6_mile_run,Default,MALE,41,62,901,2000,20,Needs Improvement
test_1.6_mile_run,Default,MALE,41,62,661,900,60,Healthy Fitness Zone
test_1.6_mile_run,Default,MALE,41,62,300,660,90,Superior
test_1.6_mile_run,Default,FEMALE,41,62,961,2000,20,Needs Improvement
test_1.6_mile_run,Default,FEMALE,41,62,721,960,60,Healthy Fitness Zone
test_1.6_mile_run,Default,FEMALE,41,62,330,720,90,Superior
test_1.6_mile_run,Default,MALE,63,115,1021,2500,20,Needs Improvement
test_1.6_mile_run,Default,MALE,63,115,781,1020,60,Healthy Fitness Zone
test_1.6_mile_run,Default,MALE,63,115,360,780,90,Superior
test_1.6_mile_run,Default,FEMALE,63,115,1081,2500,20,Needs Improvement
test_1.6_mile_run,Default,FEMALE,63,115,841,1080,60,Healthy Fitness Zone
test_1.6_mile_run,Default,FEMALE,63,115,390,840,90,Superior
test_single_leg_stand,Default,MALE,5,12,0,14,20,Needs Improvement
test_single_leg_stand,Default,MALE,5,12,15,34,60,Healthy Fitness Zone
test_single_leg_stand,Default,MALE,5,12,35,60,90,Superior
test_single_leg_stand,Default,FEMALE,5,12,0,16,20,Needs Improvement
test_single_leg_stand,Default,FEMALE,5,12,17,39,60,Healthy Fitness Zone
test_single_leg_stand,Default,FEMALE,5,12,40,60,90,Superior
test_single_leg_stand,Default,MALE,13,19,0,19,20,Needs Improvement
test_single_leg_stand,Default,MALE,13,19,20,44,60,Healthy Fitness Zone
test_single_leg_stand,Default,MALE,13,19,45,60,90,Superior
test_single_leg_stand,Default,FEMALE,13,19,0,21,20,Needs Improvement
test_single_leg_stand,Default,FEMALE,13,19,22,49,60,Healthy Fitness Zone
test_single_leg_stand,Default,FEMALE,13,19,50,60,90,Superior
test_single_leg_stand,Default,MALE,20,40,0,29,20,Needs Improvement
test_single_leg_stand,Default,MALE,20,40,30,49,60,Healthy Fitness Zone
test_single_leg_stand,Default,MALE,20,40,50,60,90,Superior
test_single_leg_stand,Default,FEMALE,20,40,0,31,20,Needs Improvement
test_single_leg_stand,Default,FEMALE,20,40,32,54,60,Healthy Fitness Zone
test_single_leg_stand,Default,FEMALE,20,40,55,60,90,Superior
test_single_leg_stand,Default,MALE,41,62,0,17,20,Needs Improvement
test_single_leg_stand,Default,MALE,41,62,18,34,60,Healthy Fitness Zone
test_single_leg_stand,Default,MALE,41,62,35,60,90,Superior
test_single_leg_stand,Default,FEMALE,41,62,0,19,20,Needs Improvement
test_single_leg_stand,Default,FEMALE,41,62,20,39,60,Healthy Fitness Zone
test_single_leg_stand,Default,FEMALE,41,62,40,60,90,Superior
test_single_leg_stand,Default,MALE,63,115,0,7,20,Needs Improvement
test_single_leg_stand,Default,MALE,63,115,8,19,60,Healthy Fitness Zone
test_single_leg_stand,Default,MALE,63,115,20,60,90,Superior
test_single_leg_stand,Default,FEMALE,63,115,0,8,20,Needs Improvement
test_single_leg_stand,Default,FEMALE,63,115,9,21,60,Healthy Fitness Zone
test_single_leg_stand,Default,FEMALE,63,115,22,60,90,Superior
test_600m_run,Default,MALE,5,12,181,600,20,Needs Improvement
test_600m_run,Default,MALE,5,12,141,180,60,Healthy Fitness Zone
test_600m_run,Default,MALE,5,12,90,140,90,Superior
test_600m_run,Default,FEMALE,5,12,191,600,20,Needs Improvement
test_600m_run,Default,FEMALE,5,12,151,190,60,Healthy Fitness Zone
test_600m_run,Default,FEMALE,5,12,100,150,90,Superior
test_600m_run,Default,MALE,13,19,171,600,20,Needs Improvement
test_600m_run,Default,MALE,13,19,131,170,60,Healthy Fitness Zone
test_600m_run,Default,MALE,13,19,80,130,90,Superior
test_600m_run,Default,FEMALE,13,19,181,600,20,Needs Improvement
test_600m_run,Default,FEMALE,13,19,141,180,60,Healthy Fitness Zone
test_600m_run,Default,FEMALE,13,19,90,140,90,Superior
test_600m_run,Default,MALE,20,40,181,600,20,Needs Improvement
test_600m_run,Default,MALE,20,40,141,180,60,Healthy Fitness Zone
test_600m_run,Default,MALE,20,40,90,140,90,Superior
test_600m_run,Default,FEMALE,20,40,191,600,20,Needs Improvement
test_600m_run,Default,FEMALE,20,40,151,190,60,Healthy Fitness Zone
test_600m_run,Default,FEMALE,20,40,100,150,90,Superior
test_600m_run,Default,MALE,41,62,201,600,20,Needs Improvement
test_600m_run,Default,MALE,41,62,161,200,60,Healthy Fitness Zone
test_600m_run,Default,MALE,41,62,110,160,90,Superior
test_600m_run,Default,FEMALE,41,62,211,600,20,Needs Improvement
test_600m_run,Default,FEMALE,41,62,171,210,60,Healthy Fitness Zone
test_600m_run,Default,FEMALE,41,62,120,170,90,Superior
test_600m_run,Default,MALE,63,115,241,700,20,Needs Improvement
test_600m_run,Default,MALE,63,115,191,240,60,Healthy Fitness Zone
test_600m_run,Default,MALE,63,115,130,190,90,Superior
test_600m_run,Default,FEMALE,63,115,251,700,20,Needs Improvement
test_600m_run,Default,FEMALE,63,115,201,250,60,Healthy Fitness Zone
test_600m_run,Default,FEMALE,63,115,140,200,90,Superior
test_1_km_run,Default,MALE,5,12,361,1200,20,Needs Improvement
test_1_km_run,Default,MALE,5,12,271,360,60,Healthy Fitness Zone
test_1_km_run,Default,MALE,5,12,180,270,90,Superior
test_1_km_run,Default,FEMALE,5,12,391,1200,20,Needs Improvement
test_1_km_run,Default,FEMALE,5,12,301,390,60,Healthy Fitness Zone
test_1_km_run,Default,FEMALE,5,12,200,300,90,Superior
test_1_km_run,Default,MALE,13,19,331,1200,20,Needs Improvement
test_1_km_run,Default,MALE,13,19,241,330,60,Healthy Fitness Zone
test_1_km_run,Default,MALE,13,19,160,240,90,Superior
test_1_km_run,Default,FEMALE,13,19,361,1200,20,Needs Improvement
test_1_km_run,Default,FEMALE,13,19,271,360,60,Healthy Fitness Zone
test_1_km_run,Default,FEMALE,13,19,180,270,90,Superior
test_1_km_run,Default,MALE,20,40,361,1200,20,Needs Improvement
test_1_km_run,Default,MALE,20,40,271,360,60,Healthy Fitness Zone
test_1_km_run,Default,MALE,20,40,180,270,90,Superior
test_1_km_run,Default,FEMALE,20,40,391,1200,20,Needs Improvement
test_1_km_run,Default,FEMALE,20,40,301,390,60,Healthy Fitness Zone
test_1_km_run,Default,FEMALE,20,40,200,300,90,Superior
test_1_km_run,Default,MALE,41,62,391,1200,20,Needs Improvement
test_1_km_run,Default,MALE,41,62,301,390,60,Healthy Fitness Zone
test_1_km_run,Default,MALE,41,62,200,300,90,Superior
test_1_km_run,Default,FEMALE,41,62,421,1200,20,Needs Improvement
test_1_km_run,Default,FEMALE,41,62,331,420,60,Healthy Fitness Zone
test_1_km_run,Default,FEMALE,41,62,220,330,90,Superior
test_1_km_run,Default,MALE,63,115,451,1500,20,Needs Improvement
test_1_km_run,Default,MALE,63,115,361,450,60,Healthy Fitness Zone
test_1_km_run,Default,MALE,63,115,240,360,90,Superior
test_1_km_run,Default,FEMALE,63,115,481,1500,20,Needs Improvement
test_1_km_run,Default,FEMALE,63,115,391,480,60,Healthy Fitness Zone
test_1_km_run,Default,FEMALE,63,115,260,390,90,Superior
test_wall_sit,Default,MALE,5,12,0,29,20,Needs Improvement
test_wall_sit,Default,MALE,5,12,30,59,60,Healthy Fitness Zone
test_wall_sit,Default,MALE,5,12,60,180,90,Superior
test_wall_sit,Default,FEMALE,5,12,0,24,20,Needs Improvement
test_wall_sit,Default,FEMALE,5,12,25,54,60,Healthy Fitness Zone
test_wall_sit,Default,FEMALE,5,12,55,180,90,Superior
test_wall_sit,Default,MALE,13,19,0,44,20,Needs Improvement
test_wall_sit,Default,MALE,13,19,45,89,60,Healthy Fitness Zone
test_wall_sit,Default,MALE,13,19,90,240,90,Superior
test_wall_sit,Default,FEMALE,13,19,0,39,20,Needs Improvement
test_wall_sit,Default,FEMALE,13,19,40,79,60,Healthy Fitness Zone
test_wall_sit,Default,FEMALE,13,19,80,240,90,Superior
test_wall_sit,Default,MALE,20,40,0,59,20,Needs Improvement
test_wall_sit,Default,MALE,20,40,60,119,60,Healthy Fitness Zone
test_wall_sit,Default,MALE,20,40,120,300,90,Superior
test_wall_sit,Default,FEMALE,20,40,0,49,20,Needs Improvement
test_wall_sit,Default,FEMALE,20,40,50,109,60,Healthy Fitness Zone
test_wall_sit,Default,FEMALE,20,40,110,300,90,Superior
test_wall_sit,Default,MALE,41,62,0,44,20,Needs Improvement
test_wall_sit,Default,MALE,41,62,45,89,60,Healthy Fitness Zone
test_wall_sit,Default,MALE,41,62,90,240,90,Superior
test_wall_sit,Default,FEMALE,41,62,0,39,20,Needs Improvement
test_wall_sit,Default,FEMALE,41,62,40,79,60,Healthy Fitness Zone
test_wall_sit,Default,FEMALE,41,62,80,240,90,Superior
test_wall_sit,Default,MALE,63,115,0,24,20,Needs Improvement
test_wall_sit,Default,MALE,63,115,25,54,60,Healthy Fitness Zone
test_wall_sit,Default,MALE,63,115,55,180,90,Superior
test_wall_sit,Default,FEMALE,63,115,0,19,20,Needs Improvement
test_wall_sit,Default,FEMALE,63,115,20,49,60,Healthy Fitness Zone
test_wall_sit,Default,FEMALE,63,115,50,180,90,Superior
test_plank_hold,Default,MALE,5,12,0,19,20,Needs Improvement
test_plank_hold,Default,MALE,5,12,20,39,60,Healthy Fitness Zone
test_plank_hold,Default,MALE,5,12,40,180,90,Superior
test_plank_hold,Default,FEMALE,5,12,0,17,20,Needs Improvement
test_plank_hold,Default,FEMALE,5,12,18,34,60,Healthy Fitness Zone
test_plank_hold,Default,FEMALE,5,12,35,180,90,Superior
test_plank_hold,Default,MALE,13,19,0,39,20,Needs Improvement
test_plank_hold,Default,MALE,13,19,40,74,60,Healthy Fitness Zone
test_plank_hold,Default,MALE,13,19,75,240,90,Superior
test_plank_hold,Default,FEMALE,13,19,0,34,20,Needs Improvement
test_plank_hold,Default,FEMALE,13,19,35,64,60,Healthy Fitness Zone
test_plank_hold,Default,FEMALE,13,19,65,240,90,Superior
test_plank_hold,Default,MALE,20,40,0,59,20,Needs Improvement
test_plank_hold,Default,MALE,20,40,60,119,60,Healthy Fitness Zone
test_plank_hold,Default,MALE,20,40,120,300,90,Superior
test_plank_hold,Default,FEMALE,20,40,0,49,20,Needs Improvement
test_plank_hold,Default,FEMALE,20,40,50,99,60,Healthy Fitness Zone
test_plank_hold,Default,FEMALE,20,40,100,300,90,Superior
test_plank_hold,Default,MALE,41,62,0,44,20,Needs Improvement
test_plank_hold,Default,MALE,41,62,45,89,60,Healthy Fitness Zone
test_plank_hold,Default,MALE,41,62,90,240,90,Superior
test_plank_hold,Default,FEMALE,41,62,0,39,20,Needs Improvement
test_plank_hold,Default,FEMALE,41,62,40,79,60,Healthy Fitness Zone
test_plank_hold,Default,FEMALE,41,62,80,240,90,Superior
test_plank_hold,Default,MALE,63,115,0,24,20,Needs Improvement
test_plank_hold,Default,MALE,63,115,25,49,60,Healthy Fitness Zone
test_plank_hold,Default,MALE,63,115,50,180,90,Superior
test_plank_hold,Default,FEMALE,63,115,0,19,20,Needs Improvement
test_plank_hold,Default,FEMALE,63,115,20,44,60,Healthy Fitness Zone
test_plank_hold,Default,FEMALE,63,115,45,180,90,Superior
test_side_plank_hold,Default,MALE,5,12,0,14,20,Needs Improvement
test_side_plank_hold,Default,MALE,5,12,15,29,60,Healthy Fitness Zone
test_side_plank_hold,Default,MALE,5,12,30,120,90,Superior
test_side_plank_hold,Default,FEMALE,5,12,0,12,20,Needs Improvement
test_side_plank_hold,Default,FEMALE,5,12,13,24,60,Healthy Fitness Zone
test_side_plank_hold,Default,FEMALE,5,12,25,120,90,Superior
test_side_plank_hold,Default,MALE,13,19,0,29,20,Needs Improvement
test_side_plank_hold,Default,MALE,13,19,30,59,60,Healthy Fitness Zone
test_side_plank_hold,Default,MALE,13,19,60,180,90,Superior
test_side_plank_hold,Default,FEMALE,13,19,0,24,20,Needs Improvement
test_side_plank_hold,Default,FEMALE,13,19,25,49,60,Healthy Fitness Zone
test_side_plank_hold,Default,FEMALE,13,19,50,180,90,Superior
test_side_plank_hold,Default,MALE,20,40,0,39,20,Needs Improvement
test_side_plank_hold,Default,MALE,20,40,40,79,60,Healthy Fitness Zone
test_side_plank_hold,Default,MALE,20,40,80,240,90,Superior
test_side_plank_hold,Default,FEMALE,20,40,0,34,20,Needs Improvement
test_side_plank_hold,Default,FEMALE,20,40,35,69,60,Healthy Fitness Zone
test_side_plank_hold,Default,FEMALE,20,40,70,240,90,Superior
test_side_plank_hold,Default,MALE,41,62,0,29,20,Needs Improvement
test_side_plank_hold,Default,MALE,41,62,30,59,60,Healthy Fitness Zone
test_side_plank_hold,Default,MALE,41,62,60,180,90,Superior
test_side_plank_hold,Default,FEMALE,41,62,0,24,20,Needs Improvement
test_side_plank_hold,Default,FEMALE,41,62,25,49,60,Healthy Fitness Zone
test_side_plank_hold,Default,FEMALE,41,62,50,180,90,Superior
test_side_plank_hold,Default,MALE,63,115,0,14,20,Needs Improvement
test_side_plank_hold,Default,MALE,63,115,15,34,60,Healthy Fitness Zone
test_side_plank_hold,Default,MALE,63,115,35,120,90,Superior
test_side_plank_hold,Default,FEMALE,63,115,0,12,20,Needs Improvement
test_side_plank_hold,Default,FEMALE,63,115,13,29,60,Healthy Fitness Zone
test_side_plank_hold,Default,FEMALE,63,115,30,120,90,Superior
test_hollow_hold,Default,MALE,5,12,0,14,20,Needs Improvement
test_hollow_hold,Default,MALE,5,12,15,29,60,Healthy Fitness Zone
test_hollow_hold,Default,MALE,5,12,30,120,90,Superior
test_hollow_hold,Default,FEMALE,5,12,0,12,20,Needs Improvement
test_hollow_hold,Default,FEMALE,5,12,13,24,60,Healthy Fitness Zone
test_hollow_hold,Default,FEMALE,5,12,25,120,90,Superior
test_hollow_hold,Default,MALE,13,19,0,24,20,Needs Improvement
test_hollow_hold,Default,MALE,13,19,25,49,60,Healthy Fitness Zone
test_hollow_hold,Default,MALE,13,19,50,180,90,Superior
test_hollow_hold,Default,FEMALE,13,19,0,19,20,Needs Improvement
test_hollow_hold,Default,FEMALE,13,19,20,44,60,Healthy Fitness Zone
test_hollow_hold,Default,FEMALE,13,19,45,180,90,Superior
test_hollow_hold,Default,MALE,20,40,0,39,20,Needs Improvement
test_hollow_hold,Default,MALE,20,40,40,79,60,Healthy Fitness Zone
test_hollow_hold,Default,MALE,20,40,80,240,90,Superior
test_hollow_hold,Default,FEMALE,20,40,0,34,20,Needs Improvement
test_hollow_hold,Default,FEMALE,20,40,35,69,60,Healthy Fitness Zone
test_hollow_hold,Default,FEMALE,20,40,70,240,90,Superior
test_hollow_hold,Default,MALE,41,62,0,29,20,Needs Improvement
test_hollow_hold,Default,MALE,41,62,30,59,60,Healthy Fitness Zone
test_hollow_hold,Default,MALE,41,62,60,180,90,Superior
test_hollow_hold,Default,FEMALE,41,62,0,24,20,Needs Improvement
test_hollow_hold,Default,FEMALE,41,62,25,49,60,Healthy Fitness Zone
test_hollow_hold,Default,FEMALE,41,62,50,180,90,Superior
test_hollow_hold,Default,MALE,63,115,0,14,20,Needs Improvement
test_hollow_hold,Default,MALE,63,115,15,34,60,Healthy Fitness Zone
test_hollow_hold,Default,MALE,63,115,35,120,90,Superior
test_hollow_hold,Default,FEMALE,63,115,0,12,20,Needs Improvement
test_hollow_hold,Default,FEMALE,63,115,13,29,60,Healthy Fitness Zone
test_hollow_hold,Default,FEMALE,63,115,30,120,90,Superior
test_bodyweight_squat,Default,MALE,13,19,0,29,20,Needs Improvement
test_bodyweight_squat,Default,MALE,13,19,30,49,60,Healthy Fitness Zone
test_bodyweight_squat,Default,MALE,13,19,50,100,90,Superior
test_bodyweight_squat,Default,FEMALE,13,19,0,24,20,Needs Improvement
test_bodyweight_squat,Default,FEMALE,13,19,25,44,60,Healthy Fitness Zone
test_bodyweight_squat,Default,FEMALE,13,19,45,100,90,Superior
test_bodyweight_squat,Default,MALE,20,40,0,34,20,Needs Improvement
test_bodyweight_squat,Default,MALE,20,40,35,59,60,Healthy Fitness Zone
test_bodyweight_squat,Default,MALE,20,40,60,120,90,Superior
test_bodyweight_squat,Default,FEMALE,20,40,0,29,20,Needs Improvement
test_bodyweight_squat,Default,FEMALE,20,40,30,54,60,Healthy Fitness Zone
test_bodyweight_squat,Default,FEMALE,20,40,55,120,90,Superior
test_bodyweight_squat,Default,MALE,41,62,0,29,20,Needs Improvement
test_bodyweight_squat,Default,MALE,41,62,30,49,60,Healthy Fitness Zone
test_bodyweight_squat,Default,MALE,41,62,50,100,90,Superior
test_bodyweight_squat,Default,FEMALE,41,62,0,24,20,Needs Improvement
test_bodyweight_squat,Default,FEMALE,41,62,25,44,60,Healthy Fitness Zone
test_bodyweight_squat,Default,FEMALE,41,62,45,100,90,Superior
test_bodyweight_squat,Default,MALE,63,115,0,14,20,Needs Improvement
test_bodyweight_squat,Default,MALE,63,115,15,29,60,Healthy Fitness Zone
test_bodyweight_squat,Default,MALE,63,115,30,80,90,Superior
test_bodyweight_squat,Default,FEMALE,63,115,0,11,20,Needs Improvement
test_bodyweight_squat,Default,FEMALE,63,115,12,24,60,Healthy Fitness Zone
test_bodyweight_squat,Default,FEMALE,63,115,25,80,90,Superior
test_burpee_test,Default,MALE,5,12,0,9,20,Needs Improvement
test_burpee_test,Default,MALE,5,12,10,19,60,Healthy Fitness Zone
test_burpee_test,Default,MALE,5,12,20,50,90,Superior
test_burpee_test,Default,FEMALE,5,12,0,7,20,Needs Improvement
test_burpee_test,Default,FEMALE,5,12,8,17,60,Healthy Fitness Zone
test_burpee_test,Default,FEMALE,5,12,18,50,90,Superior
test_burpee_test,Default,MALE,13,19,0,14,20,Needs Improvement
test_burpee_test,Default,MALE,13,19,15,24,60,Healthy Fitness Zone
test_burpee_test,Default,MALE,13,19,25,60,90,Superior
test_burpee_test,Default,FEMALE,13,19,0,12,20,Needs Improvement
test_burpee_test,Default,FEMALE,13,19,13,22,60,Healthy Fitness Zone
test_burpee_test,Default,FEMALE,13,19,23,60,90,Superior
test_burpee_test,Default,MALE,20,40,0,17,20,Needs Improvement
test_burpee_test,Default,MALE,20,40,18,29,60,Healthy Fitness Zone
test_burpee_test,Default,MALE,20,40,30,70,90,Superior
test_burpee_test,Default,FEMALE,20,40,0,14,20,Needs Improvement
test_burpee_test,Default,FEMALE,20,40,15,26,60,Healthy Fitness Zone
test_burpee_test,Default,FEMALE,20,40,27,70,90,Superior
test_burpee_test,Default,MALE,41,62,0,14,20,Needs Improvement
test_burpee_test,Default,MALE,41,62,15,24,60,Healthy Fitness Zone
test_burpee_test,Default,MALE,41,62,25,60,90,Superior
test_burpee_test,Default,FEMALE,41,62,0,11,20,Needs Improvement
test_burpee_test,Default,FEMALE,41,62,12,21,60,Healthy Fitness Zone
test_burpee_test,Default,FEMALE,41,62,22,60,90,Superior
test_burpee_test,Default,MALE,63,115,0,7,20,Needs Improvement
test_burpee_test,Default,MALE,63,115,8,14,60,Healthy Fitness Zone
test_burpee_test,Default,MALE,63,115,15,40,90,Superior
test_burpee_test,Default,FEMALE,63,115,0,5,20,Needs Improvement
test_burpee_test,Default,FEMALE,63,115,6,11,60,Healthy Fitness Zone
test_burpee_test,Default,FEMALE,63,115,12,40,90,Superior
test_single_leg_squat,Default,MALE,5,12,0,4,20,Needs Improvement
test_single_leg_squat,Default,MALE,5,12,5,9,60,Healthy Fitness Zone
test_single_leg_squat,Default,MALE,5,12,10,25,90,Superior
test_single_leg_squat,Default,FEMALE,5,12,0,3,20,Needs Improvement
test_single_leg_squat,Default,FEMALE,5,12,4,8,60,Healthy Fitness Zone
test_single_leg_squat,Default,FEMALE,5,12,9,25,90,Superior
test_single_leg_squat,Default,MALE,13,19,0,7,20,Needs Improvement
test_single_leg_squat,Default,MALE,13,19,8,14,60,Healthy Fitness Zone
test_single_leg_squat,Default,MALE,13,19,15,30,90,Superior
test_single_leg_squat,Default,FEMALE,13,19,0,6,20,Needs Improvement
test_single_leg_squat,Default,FEMALE,13,19,7,12,60,Healthy Fitness Zone
test_single_leg_squat,Default,FEMALE,13,19,13,30,90,Superior
test_single_leg_squat,Default,MALE,20,40,0,9,20,Needs Improvement
test_single_leg_squat,Default,MALE,20,40,10,17,60,Healthy Fitness Zone
test_single_leg_squat,Default,MALE,20,40,18,35,90,Superior
test_single_leg_squat,Default,FEMALE,20,40,0,8,20,Needs Improvement
test_single_leg_squat,Default,FEMALE,20,40,9,15,60,Healthy Fitness Zone
test_single_leg_squat,Default,FEMALE,20,40,16,35,90,Superior
test_single_leg_squat,Default,MALE,41,62,0,7,20,Needs Improvement
test_single_leg_squat,Default,MALE,41,62,8,14,60,Healthy Fitness Zone
test_single_leg_squat,Default,MALE,41,62,15,30,90,Superior
test_single_leg_squat,Default,FEMALE,41,62,0,6,20,Needs Improvement
test_single_leg_squat,Default,FEMALE,41,62,7,12,60,Healthy Fitness Zone
test_single_leg_squat,Default,FEMALE,41,62,13,30,90,Superior
test_single_leg_squat,Default,MALE,63,115,0,3,20,Needs Improvement
test_single_leg_squat,Default,MALE,63,115,4,8,60,Healthy Fitness Zone
test_single_leg_squat,Default,MALE,63,115,9,20,90,Superior
test_single_leg_squat,Default,FEMALE,63,115,0,2,20,Needs Improvement
test_single_leg_squat,Default,FEMALE,63,115,3,7,60,Healthy Fitness Zone
test_single_leg_squat,Default,FEMALE,63,115,8,20,90,Superior
test_medicine_ball_throw,Default,MALE,5,12,0,2.9,20,Needs Improvement
test_medicine_ball_throw,Default,MALE,5,12,3,4.9,60,Healthy Fitness Zone
test_medicine_ball_throw,Default,MALE,5,12,5,10,90,Superior
test_medicine_ball_throw,Default,FEMALE,5,12,0,2.4,20,Needs Improvement
test_medicine_ball_throw,Default,FEMALE,5,12,2.5,4.4,60,Healthy Fitness Zone
test_medicine_ball_throw,Default,FEMALE,5,12,4.5,10,90,Superior
test_medicine_ball_throw,Default,MALE,13,19,0,4.9,20,Needs Improvement
test_medicine_ball_throw,Default,MALE,13,19,5,7.4,60,Healthy Fitness Zone
test_medicine_ball_throw,Default,MALE,13,19,7.5,12,90,Superior
test_medicine_ball_throw,Default,FEMALE,13,19,0,3.9,20,Needs Improvement
test_medicine_ball_throw,Default,FEMALE,13,19,4,6.4,60,Healthy Fitness Zone
test_medicine_ball_throw,Default,FEMALE,13,19,6.5,12,90,Superior
test_medicine_ball_throw,Default,MALE,20,40,0,5.9,20,Needs Improvement
test_medicine_ball_throw,Default,MALE,20,40,6,8.9,60,Healthy Fitness Zone
test_medicine_ball_throw,Default,MALE,20,40,9,14,90,Superior
test_medicine_ball_throw,Default,FEMALE,20,40,0,4.9,20,Needs Improvement
test_medicine_ball_throw,Default,FEMALE,20,40,5,7.9,60,Healthy Fitness Zone
test_medicine_ball_throw,Default,FEMALE,20,40,8,14,90,Superior
test_medicine_ball_throw,Default,MALE,41,62,0,4.9,20,Needs Improvement
test_medicine_ball_throw,Default,MALE,41,62,5,7.4,60,Healthy Fitness Zone
test_medicine_ball_throw,Default,MALE,41,62,7.5,12,90,Superior
test_medicine_ball_throw,Default,FEMALE,41,62,0,3.9,20,Needs Improvement
test_medicine_ball_throw,Default,FEMALE,41,62,4,6.4,60,Healthy Fitness Zone
test_medicine_ball_throw,Default,FEMALE,41,62,6.5,12,90,Superior
test_medicine_ball_throw,Default,MALE,63,115,0,3.4,20,Needs Improvement
test_medicine_ball_throw,Default,MALE,63,115,3.5,5.9,60,Healthy Fitness Zone
test_medicine_ball_throw,Default,MALE,63,115,6,10,90,Superior
test_medicine_ball_throw,Default,FEMALE,63,115,0,2.9,20,Needs Improvement
test_medicine_ball_throw,Default,FEMALE,63,115,3,4.9,60,Healthy Fitness Zone
test_medicine_ball_throw,Default,FEMALE,63,115,5,10,90,Superior
test_single_leg_hop,Default,MALE,5,12,0,79,20,Needs Improvement
test_single_leg_hop,Default,MALE,5,12,80,119,60,Healthy Fitness Zone
test_single_leg_hop,Default,MALE,5,12,120,220,90,Superior
test_single_leg_hop,Default,FEMALE,5,12,0,69,20,Needs Improvement
test_single_leg_hop,Default,FEMALE,5,12,70,109,60,Healthy Fitness Zone
test_single_leg_hop,Default,FEMALE,5,12,110,200,90,Superior
test_single_leg_hop,Default,MALE,13,19,0,119,20,Needs Improvement
test_single_leg_hop,Default,MALE,13,19,120,169,60,Healthy Fitness Zone
test_single_leg_hop,Default,MALE,13,19,170,260,90,Superior
test_single_leg_hop,Default,FEMALE,13,19,0,109,20,Needs Improvement
test_single_leg_hop,Default,FEMALE,13,19,110,159,60,Healthy Fitness Zone
test_single_leg_hop,Default,FEMALE,13,19,160,240,90,Superior
test_single_leg_hop,Default,MALE,20,40,0,139,20,Needs Improvement
test_single_leg_hop,Default,MALE,20,40,140,199,60,Healthy Fitness Zone
test_single_leg_hop,Default,MALE,20,40,200,300,90,Superior
test_single_leg_hop,Default,FEMALE,20,40,0,129,20,Needs Improvement
test_single_leg_hop,Default,FEMALE,20,40,130,179,60,Healthy Fitness Zone
test_single_leg_hop,Default,FEMALE,20,40,180,280,90,Superior
test_single_leg_hop,Default,MALE,41,62,0,119,20,Needs Improvement
test_single_leg_hop,Default,MALE,41,62,120,169,60,Healthy Fitness Zone
test_single_leg_hop,Default,MALE,41,62,170,260,90,Superior
test_single_leg_hop,Default,FEMALE,41,62,0,109,20,Needs Improvement
test_single_leg_hop,Default,FEMALE,41,62,110,159,60,Healthy Fitness Zone
test_single_leg_hop,Default,FEMALE,41,62,160,240,90,Superior
test_single_leg_hop,Default,MALE,63,115,0,89,20,Needs Improvement
test_single_leg_hop,Default,MALE,63,115,90,139,60,Healthy Fitness Zone
test_single_leg_hop,Default,MALE,63,115,140,220,90,Superior
test_single_leg_hop,Default,FEMALE,63,115,0,79,20,Needs Improvement
test_single_leg_hop,Default,FEMALE,63,115,80,129,60,Healthy Fitness Zone
test_single_leg_hop,Default,FEMALE,63,115,130,200,90,Superior
test_knee_to_wall,Default,MALE,5,12,0,7.9,20,Needs Improvement
test_knee_to_wall,Default,MALE,5,12,8,11.9,60,Healthy Fitness Zone
test_knee_to_wall,Default,MALE,5,12,12,20,90,Superior
test_knee_to_wall,Default,FEMALE,5,12,0,8.9,20,Needs Improvement
test_knee_to_wall,Default,FEMALE,5,12,9,12.9,60,Healthy Fitness Zone
test_knee_to_wall,Default,FEMALE,5,12,13,20,90,Superior
test_knee_to_wall,Default,MALE,13,19,0,8.9,20,Needs Improvement
test_knee_to_wall,Default,MALE,13,19,9,12.9,60,Healthy Fitness Zone
test_knee_to_wall,Default,MALE,13,19,13,20,90,Superior
test_knee_to_wall,Default,FEMALE,13,19,0,9.9,20,Needs Improvement
test_knee_to_wall,Default,FEMALE,13,19,10,13.9,60,Healthy Fitness Zone
test_knee_to_wall,Default,FEMALE,13,19,14,20,90,Superior
test_knee_to_wall,Default,MALE,20,40,0,8.9,20,Needs Improvement
test_knee_to_wall,Default,MALE,20,40,9,12.9,60,Healthy Fitness Zone
test_knee_to_wall,Default,MALE,20,40,13,20,90,Superior
test_knee_to_wall,Default,FEMALE,20,40,0,9.9,20,Needs Improvement
test_knee_to_wall,Default,FEMALE,20,40,10,13.9,60,Healthy Fitness Zone
test_knee_to_wall,Default,FEMALE,20,40,14,20,90,Superior
test_knee_to_wall,Default,MALE,41,62,0,7.9,20,Needs Improvement
test_knee_to_wall,Default,MALE,41,62,8,11.9,60,Healthy Fitness Zone
test_knee_to_wall,Default,MALE,41,62,12,18,90,Superior
test_knee_to_wall,Default,FEMALE,41,62,0,8.9,20,Needs Improvement
test_knee_to_wall,Default,FEMALE,41,62,9,12.9,60,Healthy Fitness Zone
test_knee_to_wall,Default,FEMALE,41,62,13,18,90,Superior
test_knee_to_wall,Default,MALE,63,115,0,6.9,20,Needs Improvement
test_knee_to_wall,Default,MALE,63,115,7,10.9,60,Healthy Fitness Zone
test_knee_to_wall,Default,MALE,63,115,11,17,90,Superior
test_knee_to_wall,Default,FEMALE,63,115,0,7.9,20,Needs Improvement
test_knee_to_wall,Default,FEMALE,63,115,8,11.9,60,Healthy Fitness Zone
test_knee_to_wall,Default,FEMALE,63,115,12,17,90,Superior
test_triple_hop,Default,MALE,5,12,0,239,20,Needs Improvement
test_triple_hop,Default,MALE,5,12,240,359,60,Healthy Fitness Zone
test_triple_hop,Default,MALE,5,12,360,700,90,Superior
test_triple_hop,Default,FEMALE,5,12,0,209,20,Needs Improvement
test_triple_hop,Default,FEMALE,5,12,210,329,60,Healthy Fitness Zone
test_triple_hop,Default,FEMALE,5,12,330,650,90,Superior
test_triple_hop,Default,MALE,13,19,0,359,20,Needs Improvement
test_triple_hop,Default,MALE,13,19,360,499,60,Healthy Fitness Zone
test_triple_hop,Default,MALE,13,19,500,850,90,Superior
test_triple_hop,Default,FEMALE,13,19,0,329,20,Needs Improvement
test_triple_hop,Default,FEMALE,13,19,330,469,60,Healthy Fitness Zone
test_triple_hop,Default,FEMALE,13,19,470,800,90,Superior
test_triple_hop,Default,MALE,20,40,0,449,20,Needs Improvement
test_triple_hop,Default,MALE,20,40,450,599,60,Healthy Fitness Zone
test_triple_hop,Default,MALE,20,40,600,950,90,Superior
test_triple_hop,Default,FEMALE,20,40,0,399,20,Needs Improvement
test_triple_hop,Default,FEMALE,20,40,400,549,60,Healthy Fitness Zone
test_triple_hop,Default,FEMALE,20,40,550,900,90,Superior
test_triple_hop,Default,MALE,41,62,0,359,20,Needs Improvement
test_triple_hop,Default,MALE,41,62,360,499,60,Healthy Fitness Zone
test_triple_hop,Default,MALE,41,62,500,800,90,Superior
test_triple_hop,Default,FEMALE,41,62,0,329,20,Needs Improvement
test_triple_hop,Default,FEMALE,41,62,330,469,60,Healthy Fitness Zone
test_triple_hop,Default,FEMALE,41,62,470,750,90,Superior
test_triple_hop,Default,MALE,63,115,0,269,20,Needs Improvement
test_triple_hop,Default,MALE,63,115,270,399,60,Healthy Fitness Zone
test_triple_hop,Default,MALE,63,115,400,650,90,Superior
test_triple_hop,Default,FEMALE,63,115,0,239,20,Needs Improvement
test_triple_hop,Default,FEMALE,63,115,240,359,60,Healthy Fitness Zone
test_triple_hop,Default,FEMALE,63,115,360,600,90,Superior
test_overhead_ball_throw,Default,MALE,5,12,0,3.9,20,Needs Improvement
test_overhead_ball_throw,Default,MALE,5,12,4,5.9,60,Healthy Fitness Zone
test_overhead_ball_throw,Default,MALE,5,12,6,12,90,Superior
test_overhead_ball_throw,Default,FEMALE,5,12,0,3.4,20,Needs Improvement
test_overhead_ball_throw,Default,FEMALE,5,12,3.5,5.4,60,Healthy Fitness Zone
test_overhead_ball_throw,Default,FEMALE,5,12,5.5,11,90,Superior
test_overhead_ball_throw,Default,MALE,13,19,0,5.9,20,Needs Improvement
test_overhead_ball_throw,Default,MALE,13,19,6,8.9,60,Healthy Fitness Zone
test_overhead_ball_throw,Default,MALE,13,19,9,15,90,Superior
test_overhead_ball_throw,Default,FEMALE,13,19,0,4.9,20,Needs Improvement
test_overhead_ball_throw,Default,FEMALE,13,19,5,7.9,60,Healthy Fitness Zone
test_overhead_ball_throw,Default,FEMALE,13,19,8,14,90,Superior
test_overhead_ball_throw,Default,MALE,20,40,0,6.9,20,Needs Improvement
test_overhead_ball_throw,Default,MALE,20,40,7,9.9,60,Healthy Fitness Zone
test_overhead_ball_throw,Default,MALE,20,40,10,17,90,Superior
test_overhead_ball_throw,Default,FEMALE,20,40,0,5.9,20,Needs Improvement
test_overhead_ball_throw,Default,FEMALE,20,40,6,8.9,60,Healthy Fitness Zone
test_overhead_ball_throw,Default,FEMALE,20,40,9,16,90,Superior
test_overhead_ball_throw,Default,MALE,41,62,0,5.9,20,Needs Improvement
test_overhead_ball_throw,Default,MALE,41,62,6,8.9,60,Healthy Fitness Zone
test_overhead_ball_throw,Default,MALE,41,62,9,15,90,Superior
test_overhead_ball_throw,Default,FEMALE,41,62,0,4.9,20,Needs Improvement
test_overhead_ball_throw,Default,FEMALE,41,62,5,7.9,60,Healthy Fitness Zone
test_overhead_ball_throw,Default,FEMALE,41,62,8,14,90,Superior
test_overhead_ball_throw,Default,MALE,63,115,0,4.4,20,Needs Improvement
test_overhead_ball_throw,Default,MALE,63,115,4.5,6.9,60,Healthy Fitness Zone
test_overhead_ball_throw,Default,MALE,63,115,7,12,90,Superior
test_overhead_ball_throw,Default,FEMALE,63,115,0,3.9,20,Needs Improvement
test_overhead_ball_throw,Default,FEMALE,63,115,4,6.4,60,Healthy Fitness Zone
test_overhead_ball_throw,Default,FEMALE,63,115,6.5,11,90,Superior
test_illinois_agility,Default,MALE,5,12,22,30,20,Needs Improvement
test_illinois_agility,Default,MALE,5,12,18,21.9,60,Healthy Fitness Zone
test_illinois_agility,Default,MALE,5,12,14,17.9,90,Superior
test_illinois_agility,Default,FEMALE,5,12,23,31,20,Needs Improvement
test_illinois_agility,Default,FEMALE,5,12,19,22.9,60,Healthy Fitness Zone
test_illinois_agility,Default,FEMALE,5,12,15,18.9,90,Superior
test_illinois_agility,Default,MALE,13,19,19,30,20,Needs Improvement
test_illinois_agility,Default,MALE,13,19,16.5,18.9,60,Healthy Fitness Zone
test_illinois_agility,Default,MALE,13,19,13.5,16.4,90,Superior
test_illinois_agility,Default,FEMALE,13,19,20,31,20,Needs Improvement
test_illinois_agility,Default,FEMALE,13,19,17.5,19.9,60,Healthy Fitness Zone
test_illinois_agility,Default,FEMALE,13,19,14.5,17.4,90,Superior
test_illinois_agility,Default,MALE,20,40,18,30,20,Needs Improvement
test_illinois_agility,Default,MALE,20,40,15.8,17.9,60,Healthy Fitness Zone
test_illinois_agility,Default,MALE,20,40,13.2,15.7,90,Superior
test_illinois_agility,Default,FEMALE,20,40,19,31,20,Needs Improvement
test_illinois_agility,Default,FEMALE,20,40,16.8,18.9,60,Healthy Fitness Zone
test_illinois_agility,Default,FEMALE,20,40,14.2,16.7,90,Superior
test_illinois_agility,Default,MALE,41,62,19.5,32,20,Needs Improvement
test_illinois_agility,Default,MALE,41,62,17,19.4,60,Healthy Fitness Zone
test_illinois_agility,Default,MALE,41,62,14.5,16.9,90,Superior
test_illinois_agility,Default,FEMALE,41,62,20.5,33,20,Needs Improvement
test_illinois_agility,Default,FEMALE,41,62,18,20.4,60,Healthy Fitness Zone
test_illinois_agility,Default,FEMALE,41,62,15.5,17.9,90,Superior
test_illinois_agility,Default,MALE,63,115,22,35,20,Needs Improvement
test_illinois_agility,Default,MALE,63,115,19,21.9,60,Healthy Fitness Zone
test_illinois_agility,Default,MALE,63,115,16,18.9,90,Superior
test_illinois_agility,Default,FEMALE,63,115,23,36,20,Needs Improvement
test_illinois_agility,Default,FEMALE,63,115,20,22.9,60,Healthy Fitness Zone
test_illinois_agility,Default,FEMALE,63,115,17,19.9,90,Superior
test_t,Default,MALE,5,12,15.5,22,20,Needs Improvement
test_t,Default,MALE,5,12,13.5,15.4,60,Healthy Fitness Zone
test_t,Default,MALE,5,12,10.5,13.4,90,Superior
test_t,Default,FEMALE,5,12,16.5,23,20,Needs Improvement
test_t,Default,FEMALE,5,12,14.5,16.4,60,Healthy Fitness Zone
test_t,Default,FEMALE,5,12,11.5,14.4,90,Superior
test_t,Default,MALE,13,19,13.8,20,20,Needs Improvement
test_t,Default,MALE,13,19,11.8,13.7,60,Healthy Fitness Zone
test_t,Default,MALE,13,19,9.5,11.7,90,Superior
test_t,Default,FEMALE,13,19,14.8,21,20,Needs Improvement
test_t,Default,FEMALE,13,19,12.8,14.7,60,Healthy Fitness Zone
test_t,Default,FEMALE,13,19,10.5,12.7,90,Superior
test_t,Default,MALE,20,40,13.5,19,20,Needs Improvement
test_t,Default,MALE,20,40,11.2,13.4,60,Healthy Fitness Zone
test_t,Default,MALE,20,40,8.9,11.1,90,Superior
test_t,Default,FEMALE,20,40,14.5,20,20,Needs Improvement
test_t,Default,FEMALE,20,40,12.2,14.4,60,Healthy Fitness Zone
test_t,Default,FEMALE,20,40,10,12.1,90,Superior
test_t,Default,MALE,41,62,14.5,21,20,Needs Improvement
test_t,Default,MALE,41,62,12.5,14.4,60,Healthy Fitness Zone
test_t,Default,MALE,41,62,10.5,12.4,90,Superior
test_t,Default,FEMALE,41,62,15.5,22,20,Needs Improvement
test_t,Default,FEMALE,41,62,13.5,15.4,60,Healthy Fitness Zone
test_t,Default,FEMALE,41,62,11.5,13.4,90,Superior
test_t,Default,MALE,63,115,17,24,20,Needs Improvement
test_t,Default,MALE,63,115,14.5,16.9,60,Healthy Fitness Zone
test_t,Default,MALE,63,115,12,14.4,90,Superior
test_t,Default,FEMALE,63,115,18,25,20,Needs Improvement
test_t,Default,FEMALE,63,115,15.5,17.9,60,Healthy Fitness Zone
test_t,Default,FEMALE,63,115,13,15.4,90,Superior
test_5_10_5_shuttle_run,Default,MALE,5,12,7.5,10,20,Needs Improvement
test_5_10_5_shuttle_run,Default,MALE,5,12,6.5,7.49,60,Healthy Fitness Zone
test_5_10_5_shuttle_run,Default,MALE,5,12,5.5,6.49,90,Superior
test_5_10_5_shuttle_run,Default,FEMALE,5,12,8,10.5,20,Needs Improvement
test_5_10_5_shuttle_run,Default,FEMALE,5,12,7,7.99,60,Healthy Fitness Zone
test_5_10_5_shuttle_run,Default,FEMALE,5,12,6,6.99,90,Superior
test_5_10_5_shuttle_run,Default,MALE,13,19,6.2,9,20,Needs Improvement
test_5_10_5_shuttle_run,Default,MALE,13,19,5.2,6.19,60,Healthy Fitness Zone
test_5_10_5_shuttle_run,Default,MALE,13,19,4.2,5.19,90,Superior
test_5_10_5_shuttle_run,Default,FEMALE,13,19,6.8,9.5,20,Needs Improvement
test_5_10_5_shuttle_run,Default,FEMALE,13,19,5.8,6.79,60,Healthy Fitness Zone
test_5_10_5_shuttle_run,Default,FEMALE,13,19,4.8,5.79,90,Superior
test_5_10_5_shuttle_run,Default,MALE,20,40,6,8.5,20,Needs Improvement
test_5_10_5_shuttle_run,Default,MALE,20,40,5,5.99,60,Healthy Fitness Zone
test_5_10_5_shuttle_run,Default,MALE,20,40,4,4.99,90,Superior
test_5_10_5_shuttle_run,Default,FEMALE,20,40,6.5,9,20,Needs Improvement
test_5_10_5_shuttle_run,Default,FEMALE,20,40,5.5,6.49,60,Healthy Fitness Zone
test_5_10_5_shuttle_run,Default,FEMALE,20,40,4.5,5.49,90,Superior
test_5_10_5_shuttle_run,Default,MALE,41,62,6.8,9.5,20,Needs Improvement
test_5_10_5_shuttle_run,Default,MALE,41,62,5.8,6.79,60,Healthy Fitness Zone
test_5_10_5_shuttle_run,Default,MALE,41,62,4.8,5.79,90,Superior
test_5_10_5_shuttle_run,Default,FEMALE,41,62,7.2,10,20,Needs Improvement
test_5_10_5_shuttle_run,Default,FEMALE,41,62,6.2,7.19,60,Healthy Fitness Zone
test_5_10_5_shuttle_run,Default,FEMALE,41,62,5.2,6.19,90,Superior
test_5_10_5_shuttle_run,Default,MALE,63,115,8,11,20,Needs Improvement
test_5_10_5_shuttle_run,Default,MALE,63,115,6.8,7.99,60,Healthy Fitness Zone
test_5_10_5_shuttle_run,Default,MALE,63,115,5.5,6.79,90,Superior
test_5_10_5_shuttle_run,Default,FEMALE,63,115,8.5,11.5,20,Needs Improvement
test_5_10_5_shuttle_run,Default,FEMALE,63,115,7.3,8.49,60,Healthy Fitness Zone
test_5_10_5_shuttle_run,Default,FEMALE,63,115,6,7.29,90,Superior
test_hexagon,Default,MALE,5,12,18,30,20,Needs Improvement
test_hexagon,Default,MALE,5,12,15,17.9,60,Healthy Fitness Zone
test_hexagon,Default,MALE,5,12,11,14.9,90,Superior
test_hexagon,Default,FEMALE,5,12,19,31,20,Needs Improvement
test_hexagon,Default,FEMALE,5,12,16,18.9,60,Healthy Fitness Zone
test_hexagon,Default,FEMALE,5,12,12,15.9,90,Superior
test_hexagon,Default,MALE,13,19,15.5,25,20,Needs Improvement
test_hexagon,Default,MALE,13,19,13,15.4,60,Healthy Fitness Zone
test_hexagon,Default,MALE,13,19,10,12.9,90,Superior
test_hexagon,Default,FEMALE,13,19,16.5,26,20,Needs Improvement
test_hexagon,Default,FEMALE,13,19,14,16.4,60,Healthy Fitness Zone
test_hexagon,Default,FEMALE,13,19,11,13.9,90,Superior
test_hexagon,Default,MALE,20,40,15,24,20,Needs Improvement
test_hexagon,Default,MALE,20,40,12.5,14.9,60,Healthy Fitness Zone
test_hexagon,Default,MALE,20,40,9.5,12.4,90,Superior
test_hexagon,Default,FEMALE,20,40,16,25,20,Needs Improvement
test_hexagon,Default,FEMALE,20,40,13.5,15.9,60,Healthy Fitness Zone
test_hexagon,Default,FEMALE,20,40,10.5,13.4,90,Superior
test_hexagon,Default,MALE,41,62,16.5,27,20,Needs Improvement
test_hexagon,Default,MALE,41,62,14,16.4,60,Healthy Fitness Zone
test_hexagon,Default,MALE,41,62,11,13.9,90,Superior
test_hexagon,Default,FEMALE,41,62,17.5,28,20,Needs Improvement
test_hexagon,Default,FEMALE,41,62,15,17.4,60,Healthy Fitness Zone
test_hexagon,Default,FEMALE,41,62,12,14.9,90,Superior
test_hexagon,Default,MALE,63,115,19,32,20,Needs Improvement
test_hexagon,Default,MALE,63,115,16,18.9,60,Healthy Fitness Zone
test_hexagon,Default,MALE,63,115,13,15.9,90,Superior
test_hexagon,Default,FEMALE,63,115,20,33,20,Needs Improvement
test_hexagon,Default,FEMALE,63,115,17,19.9,60,Healthy Fitness Zone
test_hexagon,Default,FEMALE,63,115,14,16.9,90,Superior
test_semo_agility,Default,MALE,5,12,16,28,20,Needs Improvement
test_semo_agility,Default,MALE,5,12,13.5,15.9,60,Healthy Fitness Zone
test_semo_agility,Default,MALE,5,12,10.5,13.4,90,Superior
test_semo_agility,Default,FEMALE,5,12,17,29,20,Needs Improvement
test_semo_agility,Default,FEMALE,5,12,14.5,16.9,60,Healthy Fitness Zone
test_semo_agility,Default,FEMALE,5,12,11.5,14.4,90,Superior
test_semo_agility,Default,MALE,13,19,14.5,24,20,Needs Improvement
test_semo_agility,Default,MALE,13,19,12.5,14.4,60,Healthy Fitness Zone
test_semo_agility,Default,MALE,13,19,9.5,12.4,90,Superior
test_semo_agility,Default,FEMALE,13,19,15.5,25,20,Needs Improvement
test_semo_agility,Default,FEMALE,13,19,13.5,15.4,60,Healthy Fitness Zone
test_semo_agility,Default,FEMALE,13,19,10.5,13.4,90,Superior
test_semo_agility,Default,MALE,20,40,13.5,23,20,Needs Improvement
test_semo_agility,Default,MALE,20,40,11.5,13.4,60,Healthy Fitness Zone
test_semo_agility,Default,MALE,20,40,9,11.4,90,Superior
test_semo_agility,Default,FEMALE,20,40,14.5,24,20,Needs Improvement
test_semo_agility,Default,FEMALE,20,40,12.5,14.4,60,Healthy Fitness Zone
test_semo_agility,Default,FEMALE,20,40,10,12.4,90,Superior
test_semo_agility,Default,MALE,41,62,15,25,20,Needs Improvement
test_semo_agility,Default,MALE,41,62,13,14.9,60,Healthy Fitness Zone
test_semo_agility,Default,MALE,41,62,10.5,12.9,90,Superior
test_semo_agility,Default,FEMALE,41,62,16,26,20,Needs Improvement
test_semo_agility,Default,FEMALE,41,62,14,15.9,60,Healthy Fitness Zone
test_semo_agility,Default,FEMALE,41,62,11.5,13.9,90,Superior
test_semo_agility,Default,MALE,63,115,17.5,30,20,Needs Improvement
test_semo_agility,Default,MALE,63,115,15,17.4,60,Healthy Fitness Zone
test_semo_agility,Default,MALE,63,115,12.5,14.9,90,Superior
test_semo_agility,Default,FEMALE,63,115,18.5,31,20,Needs Improvement
test_semo_agility,Default,FEMALE,63,115,16,18.4,60,Healthy Fitness Zone
test_semo_agility,Default,FEMALE,63,115,13.5,15.9,90,Superior
test_butterfly_stretch,Default,MALE,5,12,15,30,20,Needs Improvement
test_butterfly_stretch,Default,MALE,5,12,8,14.9,60,Healthy Fitness Zone
test_butterfly_stretch,Default,MALE,5,12,0,7.9,90,Superior
test_butterfly_stretch,Default,FEMALE,5,12,13,28,20,Needs Improvement
test_butterfly_stretch,Default,FEMALE,5,12,7,12.9,60,Healthy Fitness Zone
test_butterfly_stretch,Default,FEMALE,5,12,0,6.9,90,Superior
test_butterfly_stretch,Default,MALE,13,19,13,28,20,Needs Improvement
test_butterfly_stretch,Default,MALE,13,19,7,12.9,60,Healthy Fitness Zone
test_butterfly_stretch,Default,MALE,13,19,0,6.9,90,Superior
test_butterfly_stretch,Default,FEMALE,13,19,11,26,20,Needs Improvement
test_butterfly_stretch,Default,FEMALE,13,19,6,10.9,60,Healthy Fitness Zone
test_butterfly_stretch,Default,FEMALE,13,19,0,5.9,90,Superior
test_butterfly_stretch,Default,MALE,20,40,14,30,20,Needs Improvement
test_butterfly_stretch,Default,MALE,20,40,8,13.9,60,Healthy Fitness Zone
test_butterfly_stretch,Default,MALE,20,40,0,7.9,90,Superior
test_butterfly_stretch,Default,FEMALE,20,40,12,28,20,Needs Improvement
test_butterfly_stretch,Default,FEMALE,20,40,6,11.9,60,Healthy Fitness Zone
test_butterfly_stretch,Default,FEMALE,20,40,0,5.9,90,Superior
test_butterfly_stretch,Default,MALE,41,62,16,32,20,Needs Improvement
test_butterfly_stretch,Default,MALE,41,62,9,15.9,60,Healthy Fitness Zone
test_butterfly_stretch,Default,MALE,41,62,0,8.9,90,Superior
test_butterfly_stretch,Default,FEMALE,41,62,14,30,20,Needs Improvement
test_butterfly_stretch,Default,FEMALE,41,62,8,13.9,60,Healthy Fitness Zone
test_butterfly_stretch,Default,FEMALE,41,62,0,7.9,90,Superior
test_butterfly_stretch,Default,MALE,63,115,18,35,20,Needs Improvement
test_butterfly_stretch,Default,MALE,63,115,10,17.9,60,Healthy Fitness Zone
test_butterfly_stretch,Default,MALE,63,115,0,9.9,90,Superior
test_butterfly_stretch,Default,FEMALE,63,115,16,33,20,Needs Improvement
test_butterfly_stretch,Default,FEMALE,63,115,9,15.9,60,Healthy Fitness Zone
test_butterfly_stretch,Default,FEMALE,63,115,0,8.9,90,Superior
test_groin_flexibility,Default,MALE,5,12,0,24,20,Needs Improvement
test_groin_flexibility,Default,MALE,5,12,25,39,60,Healthy Fitness Zone
test_groin_flexibility,Default,MALE,5,12,40,70,90,Superior
test_groin_flexibility,Default,FEMALE,5,12,0,29,20,Needs Improvement
test_groin_flexibility,Default,FEMALE,5,12,30,44,60,Healthy Fitness Zone
test_groin_flexibility,Default,FEMALE,5,12,45,75,90,Superior
test_groin_flexibility,Default,MALE,13,19,0,29,20,Needs Improvement
test_groin_flexibility,Default,MALE,13,19,30,44,60,Healthy Fitness Zone
test_groin_flexibility,Default,MALE,13,19,45,80,90,Superior
test_groin_flexibility,Default,FEMALE,13,19,0,34,20,Needs Improvement
test_groin_flexibility,Default,FEMALE,13,19,35,49,60,Healthy Fitness Zone
test_groin_flexibility,Default,FEMALE,13,19,50,85,90,Superior
test_groin_flexibility,Default,MALE,20,40,0,29,20,Needs Improvement
test_groin_flexibility,Default,MALE,20,40,30,44,60,Healthy Fitness Zone
test_groin_flexibility,Default,MALE,20,40,45,85,90,Superior
test_groin_flexibility,Default,FEMALE,20,40,0,34,20,Needs Improvement
test_groin_flexibility,Default,FEMALE,20,40,35,49,60,Healthy Fitness Zone
test_groin_flexibility,Default,FEMALE,20,40,50,90,90,Superior
test_groin_flexibility,Default,MALE,41,62,0,24,20,Needs Improvement
test_groin_flexibility,Default,MALE,41,62,25,39,60,Healthy Fitness Zone
test_groin_flexibility,Default,MALE,41,62,40,75,90,Superior
test_groin_flexibility,Default,FEMALE,41,62,0,29,20,Needs Improvement
test_groin_flexibility,Default,FEMALE,41,62,30,44,60,Healthy Fitness Zone
test_groin_flexibility,Default,FEMALE,41,62,45,80,90,Superior
test_groin_flexibility,Default,MALE,63,115,0,19,20,Needs Improvement
test_groin_flexibility,Default,MALE,63,115,20,34,60,Healthy Fitness Zone
test_groin_flexibility,Default,MALE,63,115,35,65,90,Superior
test_groin_flexibility,Default,FEMALE,63,115,0,24,20,Needs Improvement
test_groin_flexibility,Default,FEMALE,63,115,25,39,60,Healthy Fitness Zone
test_groin_flexibility,Default,FEMALE,63,115,40,70,90,Superior
test_handgrip,Default,MALE,20,40,0,42,20,Needs Improvement
test_handgrip,Default,MALE,20,40,42.1,56,60,Healthy Fitness Zone
test_handgrip,Default,MALE,20,40,56.1,100,90,Superior
test_handgrip,Default,FEMALE,20,40,0,24,20,Needs Improvement
test_handgrip,Default,FEMALE,20,40,24.1,34,60,Healthy Fitness Zone
test_handgrip,Default,FEMALE,20,40,34.1,100,90,Superior
test_handgrip,Default,MALE,41,62,0,33.5,20,Needs Improvement
test_handgrip,Default,MALE,41,62,33.6,51,60,Healthy Fitness Zone
test_handgrip,Default,MALE,41,62,51.1,100,90,Superior
test_handgrip,Default,FEMALE,41,62,0,20,20,Needs Improvement
test_handgrip,Default,FEMALE,41,62,20.1,29,60,Healthy Fitness Zone
test_handgrip,Default,FEMALE,41,62,29.1,100,90,Superior
test_handgrip,Default,MALE,63,115,0,25,20,Needs Improvement
test_handgrip,Default,MALE,63,115,25.1,45,60,Healthy Fitness Zone
test_handgrip,Default,MALE,63,115,45.1,100,90,Superior
test_handgrip,Default,FEMALE,63,115,0,15,20,Needs Improvement
test_handgrip,Default,FEMALE,63,115,15.1,25,60,Healthy Fitness Zone
test_handgrip,Default,FEMALE,63,115,25.1,100,90,Superior
test_standing_broad_jump,Default,MALE,5,12,0,109,20,Needs Improvement
test_standing_broad_jump,Default,MALE,5,12,110,159,60,Healthy Fitness Zone
test_standing_broad_jump,Default,MALE,5,12,160,300,90,Superior
test_standing_broad_jump,Default,FEMALE,5,12,0,99,20,Needs Improvement
test_standing_broad_jump,Default,FEMALE,5,12,100,144,60,Healthy Fitness Zone
test_standing_broad_jump,Default,FEMALE,5,12,145,300,90,Superior
test_standing_broad_jump,Default,MALE,13,19,0,169,20,Needs Improvement
test_standing_broad_jump,Default,MALE,13,19,170,219,60,Healthy Fitness Zone
test_standing_broad_jump,Default,MALE,13,19,220,350,90,Superior
test_standing_broad_jump,Default,FEMALE,13,19,0,139,20,Needs Improvement
test_standing_broad_jump,Default,FEMALE,13,19,140,184,60,Healthy Fitness Zone
test_standing_broad_jump,Default,FEMALE,13,19,185,300,90,Superior
test_standing_broad_jump,Default,MALE,20,40,0,180,20,Needs Improvement
test_standing_broad_jump,Default,MALE,20,40,181,229,60,Healthy Fitness Zone
test_standing_broad_jump,Default,MALE,20,40,230,350,90,Superior
test_standing_broad_jump,Default,FEMALE,20,40,0,145,20,Needs Improvement
test_standing_broad_jump,Default,FEMALE,20,40,146,184,60,Healthy Fitness Zone
test_standing_broad_jump,Default,FEMALE,20,40,185,300,90,Superior
test_standing_broad_jump,Default,MALE,41,62,0,159,20,Needs Improvement
test_standing_broad_jump,Default,MALE,41,62,160,204,60,Healthy Fitness Zone
test_standing_broad_jump,Default,MALE,41,62,205,350,90,Superior
test_standing_broad_jump,Default,FEMALE,41,62,0,124,20,Needs Improvement
test_standing_broad_jump,Default,FEMALE,41,62,125,164,60,Healthy Fitness Zone
test_standing_broad_jump,Default,FEMALE,41,62,165,300,90,Superior
test_standing_broad_jump,Default,MALE,63,115,0,129,20,Needs Improvement
test_standing_broad_jump,Default,MALE,63,115,130,174,60,Healthy Fitness Zone
test_standing_broad_jump,Default,MALE,63,115,175,300,90,Superior
test_standing_broad_jump,Default,FEMALE,63,115,0,99,20,Needs Improvement
test_standing_broad_jump,Default,FEMALE,63,115,100,139,60,Healthy Fitness Zone
test_standing_broad_jump,Default,FEMALE,63,115,140,300,90,Superior
test_vertical_jump,Default,MALE,5,12,0,24,20,Needs Improvement
test_vertical_jump,Default,MALE,5,12,25,39,60,Healthy Fitness Zone
test_vertical_jump,Default,MALE,5,12,40,80,90,Superior
test_vertical_jump,Default,FEMALE,5,12,0,19,20,Needs Improvement
test_vertical_jump,Default,FEMALE,5,12,20,34,60,Healthy Fitness Zone
test_vertical_jump,Default,FEMALE,5,12,35,80,90,Superior
test_vertical_jump,Default,MALE,13,19,0,34,20,Needs Improvement
test_vertical_jump,Default,MALE,13,19,35,49,60,Healthy Fitness Zone
test_vertical_jump,Default,MALE,13,19,50,90,90,Superior
test_vertical_jump,Default,FEMALE,13,19,0,24,20,Needs Improvement
test_vertical_jump,Default,FEMALE,13,19,25,39,60,Healthy Fitness Zone
test_vertical_jump,Default,FEMALE,13,19,40,80,90,Superior
test_vertical_jump,Default,MALE,20,40,0,39,20,Needs Improvement
test_vertical_jump,Default,MALE,20,40,40,54,60,Healthy Fitness Zone
test_vertical_jump,Default,MALE,20,40,55,100,90,Superior
test_vertical_jump,Default,FEMALE,20,40,0,29,20,Needs Improvement
test_vertical_jump,Default,FEMALE,20,40,30,44,60,Healthy Fitness Zone
test_vertical_jump,Default,FEMALE,20,40,45,100,90,Superior
test_vertical_jump,Default,MALE,41,62,0,29,20,Needs Improvement
test_vertical_jump,Default,MALE,41,62,30,44,60,Healthy Fitness Zone
test_vertical_jump,Default,MALE,41,62,45,100,90,Superior
test_vertical_jump,Default,FEMALE,41,62,0,19,20,Needs Improvement
test_vertical_jump,Default,FEMALE,41,62,20,34,60,Healthy Fitness Zone
test_vertical_jump,Default,FEMALE,41,62,35,100,90,Superior
test_vertical_jump,Default,MALE,63,115,0,19,20,Needs Improvement
test_vertical_jump,Default,MALE,63,115,20,34,60,Healthy Fitness Zone
test_vertical_jump,Default,MALE,63,115,35,100,90,Superior
test_vertical_jump,Default,FEMALE,63,115,0,14,20,Needs Improvement
test_vertical_jump,Default,FEMALE,63,115,15,29,60,Healthy Fitness Zone
test_vertical_jump,Default,FEMALE,63,115,30,100,90,Superior
test_1rm_squat,Default,MALE,5,12,20,29,20,Needs Improvement
test_1rm_squat,Default,MALE,5,12,30,49,60,Healthy Fitness Zone
test_1rm_squat,Default,MALE,5,12,50,500,90,Superior
test_1rm_squat,Default,MALE,13,19,20,59,20,Needs Improvement
test_1rm_squat,Default,MALE,13,19,60,109,60,Healthy Fitness Zone
test_1rm_squat,Default,MALE,13,19,110,500,90,Superior
test_1rm_squat,Default,MALE,20,40,20,79,20,Needs Improvement
test_1rm_squat,Default,MALE,20,40,80,139,60,Healthy Fitness Zone
test_1rm_squat,Default,MALE,20,40,140,500,90,Superior
test_1rm_squat,Default,MALE,41,62,20,64,20,Needs Improvement
test_1rm_squat,Default,MALE,41,62,65,114,60,Healthy Fitness Zone
test_1rm_squat,Default,MALE,41,62,115,500,90,Superior
test_1rm_squat,Default,MALE,63,115,20,44,20,Needs Improvement
test_1rm_squat,Default,MALE,63,115,45,79,60,Healthy Fitness Zone
test_1rm_squat,Default,MALE,63,115,80,500,90,Superior
test_1rm_squat,Default,FEMALE,5,12,20,24,20,Needs Improvement
test_1rm_squat,Default,FEMALE,5,12,25,39,60,Healthy Fitness Zone
test_1rm_squat,Default,FEMALE,5,12,40,500,90,Superior
test_1rm_squat,Default,FEMALE,13,19,20,39,20,Needs Improvement
test_1rm_squat,Default,FEMALE,13,19,40,69,60,Healthy Fitness Zone
test_1rm_squat,Default,FEMALE,13,19,70,500,90,Superior
test_1rm_squat,Default,FEMALE,20,40,20,49,20,Needs Improvement
test_1rm_squat,Default,FEMALE,20,40,50,89,60,Healthy Fitness Zone
test_1rm_squat,Default,FEMALE,20,40,90,500,90,Superior
test_1rm_squat,Default,FEMALE,41,62,20,39,20,Needs Improvement
test_1rm_squat,Default,FEMALE,41,62,40,74,60,Healthy Fitness Zone
test_1rm_squat,Default,FEMALE,41,62,75,500,90,Superior
test_1rm_squat,Default,FEMALE,63,115,20,29,20,Needs Improvement
test_1rm_squat,Default,FEMALE,63,115,30,49,60,Healthy Fitness Zone
test_1rm_squat,Default,FEMALE,63,115,50,500,90,Superior
test_push_up_test_1_min,Default,MALE,5,12,0,14,20,Needs Improvement
test_push_up_test_1_min,Default,MALE,5,12,15,29,60,Healthy Fitness Zone
test_push_up_test_1_min,Default,MALE,5,12,30,120,90,Superior
test_push_up_test_1_min,Default,MALE,13,19,0,22,20,Needs Improvement
test_push_up_test_1_min,Default,MALE,13,19,23,39,60,Healthy Fitness Zone
test_push_up_test_1_min,Default,MALE,13,19,40,120,90,Superior
test_push_up_test_1_min,Default,MALE,20,40,0,24,20,Needs Improvement
test_push_up_test_1_min,Default,MALE,20,40,25,44,60,Healthy Fitness Zone
test_push_up_test_1_min,Default,MALE,20,40,45,120,90,Superior
test_push_up_test_1_min,Default,MALE,41,62,0,16,20,Needs Improvement
test_push_up_test_1_min,Default,MALE,41,62,17,32,60,Healthy Fitness Zone
test_push_up_test_1_min,Default,MALE,41,62,33,120,90,Superior
test_push_up_test_1_min,Default,MALE,63,115,0,9,20,Needs Improvement
test_push_up_test_1_min,Default,MALE,63,115,10,21,60,Healthy Fitness Zone
test_push_up_test_1_min,Default,MALE,63,115,22,120,90,Superior
test_push_up_test_1_min,Default,FEMALE,5,12,0,11,20,Needs Improvement
test_push_up_test_1_min,Default,FEMALE,5,12,12,24,60,Healthy Fitness Zone
test_push_up_test_1_min,Default,FEMALE,5,12,25,120,90,Superior
test_push_up_test_1_min,Default,FEMALE,13,19,0,13,20,Needs Improvement
test_push_up_test_1_min,Default,FEMALE,13,19,14,27,60,Healthy Fitness Zone
test_push_up_test_1_min,Default,FEMALE,13,19,28,120,90,Superior
test_push_up_test_1_min,Default,FEMALE,20,40,0,14,20,Needs Improvement
test_push_up_test_1_min,Default,FEMALE,20,40,15,29,60,Healthy Fitness Zone
test_push_up_test_1_min,Default,FEMALE,20,40,30,120,90,Superior
test_push_up_test_1_min,Default,FEMALE,41,62,0,9,20,Needs Improvement
test_push_up_test_1_min,Default,FEMALE,41,62,10,21,60,Healthy Fitness Zone
test_push_up_test_1_min,Default,FEMALE,41,62,22,120,90,Superior
test_push_up_test_1_min,Default,FEMALE,63,115,0,5,20,Needs Improvement
test_push_up_test_1_min,Default,FEMALE,63,115,6,14,60,Healthy Fitness Zone
test_push_up_test_1_min,Default,FEMALE,63,115,15,120,90,Superior
test_yo_yo,Default,MALE,5,12,1,12.8,20,Needs Improvement
test_yo_yo,Default,MALE,5,12,12.9,15.4,60,Healthy Fitness Zone
test_yo_yo,Default,MALE,5,12,15.5,24.8,90,Superior
test_yo_yo,Default,MALE,13,19,1,14.5,20,Needs Improvement
test_yo_yo,Default,MALE,13,19,14.6,17.8,60,Healthy Fitness Zone
test_yo_yo,Default,MALE,13,19,17.9,24.8,90,Superior
test_yo_yo,Default,MALE,20,40,1,15.4,20,Needs Improvement
test_yo_yo,Default,MALE,20,40,15.5,19.4,60,Healthy Fitness Zone
test_yo_yo,Default,MALE,20,40,19.5,24.8,90,Superior
test_yo_yo,Default,MALE,41,62,1,13.8,20,Needs Improvement
test_yo_yo,Default,MALE,41,62,13.9,16.8,60,Healthy Fitness Zone
test_yo_yo,Default,MALE,41,62,16.9,24.8,90,Superior
test_yo_yo,Default,MALE,63,115,1,11.5,20,Needs Improvement
test_yo_yo,Default,MALE,63,115,11.6,14.2,60,Healthy Fitness Zone
test_yo_yo,Default,MALE,63,115,14.3,24.8,90,Superior
test_yo_yo,Default,FEMALE,5,12,1,12.2,20,Needs Improvement
test_yo_yo,Default,FEMALE,5,12,12.3,14.6,60,Healthy Fitness Zone
test_yo_yo,Default,FEMALE,5,12,14.7,24.8,90,Superior
test_yo_yo,Default,FEMALE,13,19,1,13.5,20,Needs Improvement
test_yo_yo,Default,FEMALE,13,19,13.6,16.2,60,Healthy Fitness Zone
test_yo_yo,Default,FEMALE,13,19,16.3,24.8,90,Superior
test_yo_yo,Default,FEMALE,20,40,1,14.2,20,Needs Improvement
test_yo_yo,Default,FEMALE,20,40,14.3,17.5,60,Healthy Fitness Zone
test_yo_yo,Default,FEMALE,20,40,17.6,24.8,90,Superior
test_yo_yo,Default,FEMALE,41,62,1,12.5,20,Needs Improvement
test_yo_yo,Default,FEMALE,41,62,12.6,15.2,60,Healthy Fitness Zone
test_yo_yo,Default,FEMALE,41,62,15.3,24.8,90,Superior
test_yo_yo,Default,FEMALE,63,115,1,10.5,20,Needs Improvement
test_yo_yo,Default,FEMALE,63,115,10.6,13,60,Healthy Fitness Zone
test_yo_yo,Default,FEMALE,63,115,13.1,24.8,90,Superior
test_shuttle_run,Default,MALE,5,12,8,11.2,90,Superior
test_shuttle_run,Default,MALE,5,12,11.21,13,60,Healthy Fitness Zone
test_shuttle_run,Default,MALE,5,12,13.01,45,20,Needs Improvement
test_shuttle_run,Default,MALE,13,19,8,10,90,Superior
test_shuttle_run,Default,MALE,13,19,10.01,11.5,60,Healthy Fitness Zone
test_shuttle_run,Default,MALE,13,19,11.51,45,20,Needs Improvement
test_shuttle_run,Default,MALE,20,40,8,9.5,90,Superior
test_shuttle_run,Default,MALE,20,40,9.51,10.8,60,Healthy Fitness Zone
test_shuttle_run,Default,MALE,20,40,10.81,45,20,Needs Improvement
test_shuttle_run,Default,MALE,41,62,8,10.6,90,Superior
test_shuttle_run,Default,MALE,41,62,10.61,12.2,60,Healthy Fitness Zone
test_shuttle_run,Default,MALE,41,62,12.21,45,20,Needs Improvement
test_shuttle_run,Default,MALE,63,115,8,12.5,90,Superior
test_shuttle_run,Default,MALE,63,115,12.51,14.5,60,Healthy Fitness Zone
test_shuttle_run,Default,MALE,63,115,14.51,45,20,Needs Improvement
test_shuttle_run,Default,FEMALE,5,12,8,11.9,90,Superior
test_shuttle_run,Default,FEMALE,5,12,11.91,13.8,60,Healthy Fitness Zone
test_shuttle_run,Default,FEMALE,5,12,13.81,45,20,Needs Improvement
test_shuttle_run,Default,FEMALE,13,19,8,10.8,90,Superior
test_shuttle_run,Default,FEMALE,13,19,10.81,12.4,60,Healthy Fitness Zone
test_shuttle_run,Default,FEMALE,13,19,12.41,45,20,Needs Improvement
test_shuttle_run,Default,FEMALE,20,40,8,10.3,90,Superior
test_shuttle_run,Default,FEMALE,20,40,10.31,11.8,60,Healthy Fitness Zone
test_shuttle_run,Default,FEMALE,20,40,11.81,45,20,Needs Improvement
test_shuttle_run,Default,FEMALE,41,62,8,11.5,90,Superior
test_shuttle_run,Default,FEMALE,41,62,11.51,13.2,60,Healthy Fitness Zone
test_shuttle_run,Default,FEMALE,41,62,13.21,45,20,Needs Improvement
test_shuttle_run,Default,FEMALE,63,115,8,13.5,90,Superior
test_shuttle_run,Default,FEMALE,63,115,13.51,15.5,60,Healthy Fitness Zone
test_shuttle_run,Default,FEMALE,63,115,15.51,45,20,Needs Improvement
test_5m_sprint,Default,MALE,5,12,0.9,1.4,90,Superior
test_5m_sprint,Default,MALE,5,12,1.41,1.7,60,Healthy Fitness Zone
test_5m_sprint,Default,MALE,5,12,1.71,3.5,20,Needs Improvement
test_5m_sprint,Default,MALE,13,19,0.9,1.2,90,Superior
test_5m_sprint,Default,MALE,13,19,1.21,1.4,60,Healthy Fitness Zone
test_5m_sprint,Default,MALE,13,19,1.41,3.5,20,Needs Improvement
test_5m_sprint,Default,MALE,20,40,0.9,1.15,90,Superior
test_5m_sprint,Default,MALE,20,40,1.16,1.35,60,Healthy Fitness Zone
test_5m_sprint,Default,MALE,20,40,1.36,3.5,20,Needs Improvement
test_5m_sprint,Default,MALE,41,62,0.9,1.3,90,Superior
test_5m_sprint,Default,MALE,41,62,1.31,1.5,60,Healthy Fitness Zone
test_5m_sprint,Default,MALE,41,62,1.51,3.5,20,Needs Improvement
test_5m_sprint,Default,MALE,63,115,0.9,1.5,90,Superior
test_5m_sprint,Default,MALE,63,115,1.51,1.8,60,Healthy Fitness Zone
test_5m_sprint,Default,MALE,63,115,1.81,3.5,20,Needs Improvement
test_5m_sprint,Default,FEMALE,5,12,0.9,1.45,90,Superior
test_5m_sprint,Default,FEMALE,5,12,1.46,1.8,60,Healthy Fitness Zone
test_5m_sprint,Default,FEMALE,5,12,1.81,3.5,20,Needs Improvement
test_5m_sprint,Default,FEMALE,13,19,0.9,1.27,90,Superior
test_5m_sprint,Default,FEMALE,13,19,1.28,1.5,60,Healthy Fitness Zone
test_5m_sprint,Default,FEMALE,13,19,1.51,3.5,20,Needs Improvement
test_5m_sprint,Default,FEMALE,20,40,0.9,1.23,90,Superior
test_5m_sprint,Default,FEMALE,20,40,1.24,1.45,60,Healthy Fitness Zone
test_5m_sprint,Default,FEMALE,20,40,1.46,3.5,20,Needs Improvement
test_5m_sprint,Default,FEMALE,41,62,0.9,1.37,90,Superior
test_5m_sprint,Default,FEMALE,41,62,1.38,1.6,60,Healthy Fitness Zone
test_5m_sprint,Default,FEMALE,41,62,1.61,3.5,20,Needs Improvement
test_5m_sprint,Default,FEMALE,63,115,0.9,1.6,90,Superior
test_5m_sprint,Default,FEMALE,63,115,1.61,1.94,60,Healthy Fitness Zone
test_5m_sprint,Default,FEMALE,63,115,1.95,3.5,20,Needs Improvement
test_10m_sprint,Default,MALE,5,12,1.4,1.95,90,Superior
test_10m_sprint,Default,MALE,5,12,1.96,2.3,60,Healthy Fitness Zone
test_10m_sprint,Default,MALE,5,12,2.31,4.5,20,Needs Improvement
test_10m_sprint,Default,MALE,13,19,1.4,1.75,90,Superior
test_10m_sprint,Default,MALE,13,19,1.76,2,60,Healthy Fitness Zone
test_10m_sprint,Default,MALE,13,19,2.01,4.5,20,Needs Improvement
test_10m_sprint,Default,MALE,20,40,1.4,1.68,90,Superior
test_10m_sprint,Default,MALE,20,40,1.69,1.9,60,Healthy Fitness Zone
test_10m_sprint,Default,MALE,20,40,1.91,4.5,20,Needs Improvement
test_10m_sprint,Default,MALE,41,62,1.4,1.85,90,Superior
test_10m_sprint,Default,MALE,41,62,1.86,2.1,60,Healthy Fitness Zone
test_10m_sprint,Default,MALE,41,62,2.11,4.5,20,Needs Improvement
test_10m_sprint,Default,MALE,63,115,1.4,2.15,90,Superior
test_10m_sprint,Default,MALE,63,115,2.16,2.5,60,Healthy Fitness Zone
test_10m_sprint,Default,MALE,63,115,2.51,4.5,20,Needs Improvement
test_10m_sprint,Default,FEMALE,5,12,1.4,2.05,90,Superior
test_10m_sprint,Default,FEMALE,5,12,2.06,2.4,60,Healthy Fitness Zone
test_10m_sprint,Default,FEMALE,5,12,2.41,4.5,20,Needs Improvement
test_10m_sprint,Default,FEMALE,13,19,1.4,1.85,90,Superior
test_10m_sprint,Default,FEMALE,13,19,1.86,2.15,60,Healthy Fitness Zone
test_10m_sprint,Default,FEMALE,13,19,2.16,4.5,20,Needs Improvement
test_10m_sprint,Default,FEMALE,20,40,1.4,1.78,90,Superior
test_10m_sprint,Default,FEMALE,20,40,1.79,2.05,60,Healthy Fitness Zone
test_10m_sprint,Default,FEMALE,20,40,2.06,4.5,20,Needs Improvement
test_10m_sprint,Default,FEMALE,41,62,1.4,1.95,90,Superior
test_10m_sprint,Default,FEMALE,41,62,1.96,2.25,60,Healthy Fitness Zone
test_10m_sprint,Default,FEMALE,41,62,2.26,4.5,20,Needs Improvement
test_10m_sprint,Default,FEMALE,63,115,1.4,2.25,90,Superior
test_10m_sprint,Default,FEMALE,63,115,2.26,2.7,60,Healthy Fitness Zone
test_10m_sprint,Default,FEMALE,63,115,2.71,4.5,20,Needs Improvement
test_20m_sprint,Default,MALE,5,12,2.5,3.4,90,Superior
test_20m_sprint,Default,MALE,5,12,3.41,3.9,60,Healthy Fitness Zone
test_20m_sprint,Default,MALE,5,12,3.91,7,20,Needs Improvement
test_20m_sprint,Default,MALE,13,19,2.5,3,90,Superior
test_20m_sprint,Default,MALE,13,19,3.01,3.4,60,Healthy Fitness Zone
test_20m_sprint,Default,MALE,13,19,3.41,7,20,Needs Improvement
test_20m_sprint,Default,MALE,20,40,2.5,2.85,90,Superior
test_20m_sprint,Default,MALE,20,40,2.86,3.2,60,Healthy Fitness Zone
test_20m_sprint,Default,MALE,20,40,3.21,7,20,Needs Improvement
test_20m_sprint,Default,MALE,41,62,2.5,3.15,90,Superior
test_20m_sprint,Default,MALE,41,62,3.16,3.55,60,Healthy Fitness Zone
test_20m_sprint,Default,MALE,41,62,3.56,7,20,Needs Improvement
test_20m_sprint,Default,MALE,63,115,2.5,3.65,90,Superior
test_20m_sprint,Default,MALE,63,115,3.66,4.2,60,Healthy Fitness Zone
test_20m_sprint,Default,MALE,63,115,4.21,7,20,Needs Improvement
test_20m_sprint,Default,FEMALE,5,12,2.5,3.55,90,Superior
test_20m_sprint,Default,FEMALE,5,12,3.56,4.1,60,Healthy Fitness Zone
test_20m_sprint,Default,FEMALE,5,12,4.11,7,20,Needs Improvement
test_20m_sprint,Default,FEMALE,13,19,2.5,3.2,90,Superior
test_20m_sprint,Default,FEMALE,13,19,3.21,3.65,60,Healthy Fitness Zone
test_20m_sprint,Default,FEMALE,13,19,3.66,7,20,Needs Improvement
test_20m_sprint,Default,FEMALE,20,40,2.5,3.05,90,Superior
test_20m_sprint,Default,FEMALE,20,40,3.06,3.45,60,Healthy Fitness Zone
test_20m_sprint,Default,FEMALE,20,40,3.46,7,20,Needs Improvement
test_20m_sprint,Default,FEMALE,41,62,2.5,3.35,90,Superior
test_20m_sprint,Default,FEMALE,41,62,3.36,3.8,60,Healthy Fitness Zone
test_20m_sprint,Default,FEMALE,41,62,3.81,7,20,Needs Improvement
test_20m_sprint,Default,FEMALE,63,115,2.5,3.85,90,Superior
test_20m_sprint,Default,FEMALE,63,115,3.86,4.5,60,Healthy Fitness Zone
test_20m_sprint,Default,FEMALE,63,115,4.51,7,20,Needs Improvement
test_30m_sprint,Default,MALE,5,12,3.5,4.7,90,Superior
test_30m_sprint,Default,MALE,5,12,4.71,5.4,60,Healthy Fitness Zone
test_30m_sprint,Default,MALE,5,12,5.41,9,20,Needs Improvement
test_30m_sprint,Default,MALE,13,19,3.5,4.15,90,Superior
test_30m_sprint,Default,MALE,13,19,4.16,4.7,60,Healthy Fitness Zone
test_30m_sprint,Default,MALE,13,19,4.71,9,20,Needs Improvement
test_30m_sprint,Default,MALE,20,40,3.5,3.95,90,Superior
test_30m_sprint,Default,MALE,20,40,3.96,4.45,60,Healthy Fitness Zone
test_30m_sprint,Default,MALE,20,40,4.46,9,20,Needs Improvement
test_30m_sprint,Default,MALE,41,62,3.5,4.35,90,Superior
test_30m_sprint,Default,MALE,41,62,4.36,4.9,60,Healthy Fitness Zone
test_30m_sprint,Default,MALE,41,62,4.91,9,20,Needs Improvement
test_30m_sprint,Default,MALE,63,115,3.5,5,90,Superior
test_30m_sprint,Default,MALE,63,115,5.01,5.8,60,Healthy Fitness Zone
test_30m_sprint,Default,MALE,63,115,5.81,9,20,Needs Improvement
test_30m_sprint,Default,FEMALE,5,12,3.5,4.9,90,Superior
test_30m_sprint,Default,FEMALE,5,12,4.91,5.7,60,Healthy Fitness Zone
test_30m_sprint,Default,FEMALE,5,12,5.71,9,20,Needs Improvement
test_30m_sprint,Default,FEMALE,13,19,3.5,4.4,90,Superior
test_30m_sprint,Default,FEMALE,13,19,4.41,5,60,Healthy Fitness Zone
test_30m_sprint,Default,FEMALE,13,19,5.01,9,20,Needs Improvement
test_30m_sprint,Default,FEMALE,20,40,3.5,4.2,90,Superior
test_30m_sprint,Default,FEMALE,20,40,4.21,4.75,60,Healthy Fitness Zone
test_30m_sprint,Default,FEMALE,20,40,4.76,9,20,Needs Improvement
test_30m_sprint,Default,FEMALE,41,62,3.5,4.6,90,Superior
test_30m_sprint,Default,FEMALE,41,62,4.61,5.2,60,Healthy Fitness Zone
test_30m_sprint,Default,FEMALE,41,62,5.21,9,20,Needs Improvement
test_30m_sprint,Default,FEMALE,63,115,3.5,5.3,90,Superior
test_30m_sprint,Default,FEMALE,63,115,5.31,6.1,60,Healthy Fitness Zone
test_30m_sprint,Default,FEMALE,63,115,6.11,9,20,Needs Improvement
test_40m_sprint,Default,MALE,5,12,4.4,6.1,90,Superior
test_40m_sprint,Default,MALE,5,12,6.11,7,60,Healthy Fitness Zone
test_40m_sprint,Default,MALE,5,12,7.01,12,20,Needs Improvement
test_40m_sprint,Default,MALE,13,19,4.4,5.35,90,Superior
test_40m_sprint,Default,MALE,13,19,5.36,6.1,60,Healthy Fitness Zone
test_40m_sprint,Default,MALE,13,19,6.11,12,20,Needs Improvement
test_40m_sprint,Default,MALE,20,40,4.4,5.05,90,Superior
test_40m_sprint,Default,MALE,20,40,5.06,5.75,60,Healthy Fitness Zone
test_40m_sprint,Default,MALE,20,40,5.76,12,20,Needs Improvement
test_40m_sprint,Default,MALE,41,62,4.4,5.55,90,Superior
test_40m_sprint,Default,MALE,41,62,5.56,6.35,60,Healthy Fitness Zone
test_40m_sprint,Default,MALE,41,62,6.36,12,20,Needs Improvement
test_40m_sprint,Default,MALE,63,115,4.4,6.45,90,Superior
test_40m_sprint,Default,MALE,63,115,6.46,7.5,60,Healthy Fitness Zone
test_40m_sprint,Default,MALE,63,115,7.51,12,20,Needs Improvement
test_40m_sprint,Default,FEMALE,5,12,4.4,6.35,90,Superior
test_40m_sprint,Default,FEMALE,5,12,6.36,7.4,60,Healthy Fitness Zone
test_40m_sprint,Default,FEMALE,5,12,7.41,12,20,Needs Improvement
test_40m_sprint,Default,FEMALE,13,19,4.4,5.65,90,Superior
test_40m_sprint,Default,FEMALE,13,19,5.66,6.45,60,Healthy Fitness Zone
test_40m_sprint,Default,FEMALE,13,19,6.46,12,20,Needs Improvement
test_40m_sprint,Default,FEMALE,20,40,4.4,5.35,90,Superior
test_40m_sprint,Default,FEMALE,20,40,5.36,6.1,60,Healthy Fitness Zone
test_40m_sprint,Default,FEMALE,20,40,6.11,12,20,Needs Improvement
test_40m_sprint,Default,FEMALE,41,62,4.4,5.9,90,Superior
test_40m_sprint,Default,FEMALE,41,62,5.91,6.75,60,Healthy Fitness Zone
test_40m_sprint,Default,FEMALE,41,62,6.76,12,20,Needs Improvement
test_40m_sprint,Default,FEMALE,63,115,4.4,6.85,90,Superior
test_40m_sprint,Default,FEMALE,63,115,6.86,7.9,60,Healthy Fitness Zone
test_40m_sprint,Default,FEMALE,63,115,7.91,12,20,Needs Improvement
test_50_m_sprint,Default,MALE,5,12,5.4,7.5,90,Superior
test_50_m_sprint,Default,MALE,5,12,7.51,8.6,60,Healthy Fitness Zone
test_50_m_sprint,Default,MALE,5,12,8.61,15,20,Needs Improvement
test_50_m_sprint,Default,MALE,13,19,5.4,6.5,90,Superior
test_50_m_sprint,Default,MALE,13,19,6.51,7.5,60,Healthy Fitness Zone
test_50_m_sprint,Default,MALE,13,19,7.51,15,20,Needs Improvement
test_50_m_sprint,Default,MALE,20,40,5.4,6.15,90,Superior
test_50_m_sprint,Default,MALE,20,40,6.16,7.05,60,Healthy Fitness Zone
test_50_m_sprint,Default,MALE,20,40,7.06,15,20,Needs Improvement
test_50_m_sprint,Default,MALE,41,62,5.4,6.8,90,Superior
test_50_m_sprint,Default,MALE,41,62,6.81,7.8,60,Healthy Fitness Zone
test_50_m_sprint,Default,MALE,41,62,7.81,15,20,Needs Improvement
test_50_m_sprint,Default,MALE,63,115,5.4,7.9,90,Superior
test_50_m_sprint,Default,MALE,63,115,7.91,9.2,60,Healthy Fitness Zone
test_50_m_sprint,Default,MALE,63,115,9.21,15,20,Needs Improvement
test_50_m_sprint,Default,FEMALE,5,12,5.4,7.85,90,Superior
test_50_m_sprint,Default,FEMALE,5,12,7.86,9.1,60,Healthy Fitness Zone
test_50_m_sprint,Default,FEMALE,5,12,9.11,15,20,Needs Improvement
test_50_m_sprint,Default,FEMALE,13,19,5.4,6.9,90,Superior
test_50_m_sprint,Default,FEMALE,13,19,6.91,7.95,60,Healthy Fitness Zone
test_50_m_sprint,Default,FEMALE,13,19,7.96,15,20,Needs Improvement
test_50_m_sprint,Default,FEMALE,20,40,5.4,6.55,90,Superior
test_50_m_sprint,Default,FEMALE,20,40,6.56,7.5,60,Healthy Fitness Zone
test_50_m_sprint,Default,FEMALE,20,40,7.51,15,20,Needs Improvement
test_50_m_sprint,Default,FEMALE,41,62,5.4,7.25,90,Superior
test_50_m_sprint,Default,FEMALE,41,62,7.26,8.3,60,Healthy Fitness Zone
test_50_m_sprint,Default,FEMALE,41,62,8.31,15,20,Needs Improvement
test_50_m_sprint,Default,FEMALE,63,115,5.4,8.4,90,Superior
test_50_m_sprint,Default,FEMALE,63,115,8.41,9.7,60,Healthy Fitness Zone
test_50_m_sprint,Default,FEMALE,63,115,9.71,15,20,Needs Improvement
test_100_m_sprint,Default,MALE,5,12,9.5,14.5,90,Superior
test_100_m_sprint,Default,MALE,5,12,14.51,16.8,60,Healthy Fitness Zone
test_100_m_sprint,Default,MALE,5,12,16.81,30,20,Needs Improvement
test_100_m_sprint,Default,MALE,13,19,9.5,12.3,90,Superior
test_100_m_sprint,Default,MALE,13,19,12.31,14.2,60,Healthy Fitness Zone
test_100_m_sprint,Default,MALE,13,19,14.21,30,20,Needs Improvement
test_100_m_sprint,Default,MALE,20,40,9.5,11.6,90,Superior
test_100_m_sprint,Default,MALE,20,40,11.61,13.4,60,Healthy Fitness Zone
test_100_m_sprint,Default,MALE,20,40,13.41,30,20,Needs Improvement
test_100_m_sprint,Default,MALE,41,62,9.5,12.8,90,Superior
test_100_m_sprint,Default,MALE,41,62,12.81,14.8,60,Healthy Fitness Zone
test_100_m_sprint,Default,MALE,41,62,14.81,30,20,Needs Improvement
test_100_m_sprint,Default,MALE,63,115,9.5,15,90,Superior
test_100_m_sprint,Default,MALE,63,115,15.01,17.5,60,Healthy Fitness Zone
test_100_m_sprint,Default,MALE,63,115,17.51,30,20,Needs Improvement
test_100_m_sprint,Default,FEMALE,5,12,9.5,15.2,90,Superior
test_100_m_sprint,Default,FEMALE,5,12,15.21,17.8,60,Healthy Fitness Zone
test_100_m_sprint,Default,FEMALE,5,12,17.81,30,20,Needs Improvement
test_100_m_sprint,Default,FEMALE,13,19,9.5,13.3,90,Superior
test_100_m_sprint,Default,FEMALE,13,19,13.31,15.2,60,Healthy Fitness Zone
test_100_m_sprint,Default,FEMALE,13,19,15.21,30,20,Needs Improvement
test_100_m_sprint,Default,FEMALE,20,40,9.5,12.5,90,Superior
test_100_m_sprint,Default,FEMALE,20,40,12.51,14.4,60,Healthy Fitness Zone
test_100_m_sprint,Default,FEMALE,20,40,14.41,30,20,Needs Improvement
test_100_m_sprint,Default,FEMALE,41,62,9.5,13.8,90,Superior
test_100_m_sprint,Default,FEMALE,41,62,13.81,15.9,60,Healthy Fitness Zone
test_100_m_sprint,Default,FEMALE,41,62,15.91,30,20,Needs Improvement
test_100_m_sprint,Default,FEMALE,63,115,9.5,16.2,90,Superior
test_100_m_sprint,Default,FEMALE,63,115,16.21,18.9,60,Healthy Fitness Zone
test_100_m_sprint,Default,FEMALE,63,115,18.91,30,20,Needs Improvement
test_flying_sprint,Default,MALE,5,12,0.8,1.35,90,Superior
test_flying_sprint,Default,MALE,5,12,1.36,1.7,60,Healthy Fitness Zone
test_flying_sprint,Default,MALE,5,12,1.71,4,20,Needs Improvement
test_flying_sprint,Default,MALE,13,19,0.8,1.1,90,Superior
test_flying_sprint,Default,MALE,13,19,1.11,1.35,60,Healthy Fitness Zone
test_flying_sprint,Default,MALE,13,19,1.36,4,20,Needs Improvement
test_flying_sprint,Default,MALE,20,40,0.8,1.02,90,Superior
test_flying_sprint,Default,MALE,20,40,1.03,1.25,60,Healthy Fitness Zone
test_flying_sprint,Default,MALE,20,40,1.26,4,20,Needs Improvement
test_flying_sprint,Default,MALE,41,62,0.8,1.15,90,Superior
test_flying_sprint,Default,MALE,41,62,1.16,1.4,60,Healthy Fitness Zone
test_flying_sprint,Default,MALE,41,62,1.41,4,20,Needs Improvement
test_flying_sprint,Default,MALE,63,115,0.8,1.4,90,Superior
test_flying_sprint,Default,MALE,63,115,1.41,1.75,60,Healthy Fitness Zone
test_flying_sprint,Default,MALE,63,115,1.76,4,20,Needs Improvement
test_flying_sprint,Default,FEMALE,5,12,0.8,1.42,90,Superior
test_flying_sprint,Default,FEMALE,5,12,1.43,1.8,60,Healthy Fitness Zone
test_flying_sprint,Default,FEMALE,5,12,1.81,4,20,Needs Improvement
test_flying_sprint,Default,FEMALE,13,19,0.8,1.18,90,Superior
test_flying_sprint,Default,FEMALE,13,19,1.19,1.45,60,Healthy Fitness Zone
test_flying_sprint,Default,FEMALE,13,19,1.46,4,20,Needs Improvement
test_flying_sprint,Default,FEMALE,20,40,0.8,1.1,90,Superior
test_flying_sprint,Default,FEMALE,20,40,1.11,1.33,60,Healthy Fitness Zone
test_flying_sprint,Default,FEMALE,20,40,1.34,4,20,Needs Improvement
test_flying_sprint,Default,FEMALE,41,62,0.8,1.24,90,Superior
test_flying_sprint,Default,FEMALE,41,62,1.25,1.5,60,Healthy Fitness Zone
test_flying_sprint,Default,FEMALE,41,62,1.51,4,20,Needs Improvement
test_flying_sprint,Default,FEMALE,63,115,0.8,1.5,90,Superior
test_flying_sprint,Default,FEMALE,63,115,1.51,1.85,60,Healthy Fitness Zone
test_flying_sprint,Default,FEMALE,63,115,1.86,4,20,Needs Improvement
test_ladder_drill,Default,MALE,5,12,2.5,5.5,90,Superior
test_ladder_drill,Default,MALE,5,12,5.51,7.5,60,Healthy Fitness Zone
test_ladder_drill,Default,MALE,5,12,7.51,15,20,Needs Improvement
test_ladder_drill,Default,MALE,13,19,2.5,4.3,90,Superior
test_ladder_drill,Default,MALE,13,19,4.31,5.8,60,Healthy Fitness Zone
test_ladder_drill,Default,MALE,13,19,5.81,15,20,Needs Improvement
test_ladder_drill,Default,MALE,20,40,2.5,3.8,90,Superior
test_ladder_drill,Default,MALE,20,40,3.81,5.2,60,Healthy Fitness Zone
test_ladder_drill,Default,MALE,20,40,5.21,15,20,Needs Improvement
test_ladder_drill,Default,MALE,41,62,2.5,4.6,90,Superior
test_ladder_drill,Default,MALE,41,62,4.61,6.2,60,Healthy Fitness Zone
test_ladder_drill,Default,MALE,41,62,6.21,15,20,Needs Improvement
test_ladder_drill,Default,MALE,63,115,2.5,5.8,90,Superior
test_ladder_drill,Default,MALE,63,115,5.81,7.8,60,Healthy Fitness Zone
test_ladder_drill,Default,MALE,63,115,7.81,15,20,Needs Improvement
test_ladder_drill,Default,FEMALE,5,12,2.5,5.8,90,Superior
test_ladder_drill,Default,FEMALE,5,12,5.81,7.9,60,Healthy Fitness Zone
test_ladder_drill,Default,FEMALE,5,12,7.91,15,20,Needs Improvement
test_ladder_drill,Default,FEMALE,13,19,2.5,4.6,90,Superior
test_ladder_drill,Default,FEMALE,13,19,4.61,6.2,60,Healthy Fitness Zone
test_ladder_drill,Default,FEMALE,13,19,6.21,15,20,Needs Improvement
test_ladder_drill,Default,FEMALE,20,40,2.5,4.1,90,Superior
test_ladder_drill,Default,FEMALE,20,40,4.11,5.5,60,Healthy Fitness Zone
test_ladder_drill,Default,FEMALE,20,40,5.51,15,20,Needs Improvement
test_ladder_drill,Default,FEMALE,41,62,2.5,4.9,90,Superior
test_ladder_drill,Default,FEMALE,41,62,4.91,6.6,60,Healthy Fitness Zone
test_ladder_drill,Default,FEMALE,41,62,6.61,15,20,Needs Improvement
test_ladder_drill,Default,FEMALE,63,115,2.5,6.1,90,Superior
test_ladder_drill,Default,FEMALE,63,115,6.11,8.2,60,Healthy Fitness Zone
test_ladder_drill,Default,FEMALE,63,115,8.21,15,20,Needs Improvement
test_ball_chase,Default,MALE,5,12,1,2.9,90,Superior
test_ball_chase,Default,MALE,5,12,2.91,3.9,60,Healthy Fitness Zone
test_ball_chase,Default,MALE,5,12,3.91,8,20,Needs Improvement
test_ball_chase,Default,MALE,13,19,1,2.3,90,Superior
test_ball_chase,Default,MALE,13,19,2.31,3.1,60,Healthy Fitness Zone
test_ball_chase,Default,MALE,13,19,3.11,8,20,Needs Improvement
test_ball_chase,Default,MALE,20,40,1,2.1,90,Superior
test_ball_chase,Default,MALE,20,40,2.11,2.8,60,Healthy Fitness Zone
test_ball_chase,Default,MALE,20,40,2.81,8,20,Needs Improvement
test_ball_chase,Default,MALE,41,62,1,2.5,90,Superior
test_ball_chase,Default,MALE,41,62,2.51,3.3,60,Healthy Fitness Zone
test_ball_chase,Default,MALE,41,62,3.31,8,20,Needs Improvement
test_ball_chase,Default,MALE,63,115,1,3.1,90,Superior
test_ball_chase,Default,MALE,63,115,3.11,4.1,60,Healthy Fitness Zone
test_ball_chase,Default,MALE,63,115,4.11,8,20,Needs Improvement
test_ball_chase,Default,FEMALE,5,12,1,3.1,90,Superior
test_ball_chase,Default,FEMALE,5,12,3.11,4.1,60,Healthy Fitness Zone
test_ball_chase,Default,FEMALE,5,12,4.11,8,20,Needs Improvement
test_ball_chase,Default,FEMALE,13,19,1,2.45,90,Superior
test_ball_chase,Default,FEMALE,13,19,2.46,3.3,60,Healthy Fitness Zone
test_ball_chase,Default,FEMALE,13,19,3.31,8,20,Needs Improvement
test_ball_chase,Default,FEMALE,20,40,1,2.2,90,Superior
test_ball_chase,Default,FEMALE,20,40,2.21,2.95,60,Healthy Fitness Zone
test_ball_chase,Default,FEMALE,20,40,2.96,8,20,Needs Improvement
test_ball_chase,Default,FEMALE,41,62,1,2.65,90,Superior
test_ball_chase,Default,FEMALE,41,62,2.66,3.5,60,Healthy Fitness Zone
test_ball_chase,Default,FEMALE,41,62,3.51,8,20,Needs Improvement
test_ball_chase,Default,FEMALE,63,115,1,3.25,90,Superior
test_ball_chase,Default,FEMALE,63,115,3.26,4.3,60,Healthy Fitness Zone
test_ball_chase,Default,FEMALE,63,115,4.31,8,20,Needs Improvement
test_zig_zag_run,Default,MALE,5,12,4.5,9.2,90,Superior
test_zig_zag_run,Default,MALE,5,12,9.21,11.5,60,Healthy Fitness Zone
test_zig_zag_run,Default,MALE,5,12,11.51,25,20,Needs Improvement
test_zig_zag_run,Default,MALE,13,19,4.5,7.6,90,Superior
test_zig_zag_run,Default,MALE,13,19,7.61,9.5,60,Healthy Fitness Zone
test_zig_zag_run,Default,MALE,13,19,9.51,25,20,Needs Improvement
test_zig_zag_run,Default,MALE,20,40,4.5,6.9,90,Superior
test_zig_zag_run,Default,MALE,20,40,6.91,8.7,60,Healthy Fitness Zone
test_zig_zag_run,Default,MALE,20,40,8.71,25,20,Needs Improvement
test_zig_zag_run,Default,MALE,41,62,4.5,8,90,Superior
test_zig_zag_run,Default,MALE,41,62,8.01,10,60,Healthy Fitness Zone
test_zig_zag_run,Default,MALE,41,62,10.01,25,20,Needs Improvement
test_zig_zag_run,Default,MALE,63,115,4.5,9.8,90,Superior
test_zig_zag_run,Default,MALE,63,115,9.81,12.2,60,Healthy Fitness Zone
test_zig_zag_run,Default,MALE,63,115,12.21,25,20,Needs Improvement
test_zig_zag_run,Default,FEMALE,5,12,4.5,9.6,90,Superior
test_zig_zag_run,Default,FEMALE,5,12,9.61,12,60,Healthy Fitness Zone
test_zig_zag_run,Default,FEMALE,5,12,12.01,25,20,Needs Improvement
test_zig_zag_run,Default,FEMALE,13,19,4.5,8,90,Superior
test_zig_zag_run,Default,FEMALE,13,19,8.01,10,60,Healthy Fitness Zone
test_zig_zag_run,Default,FEMALE,13,19,10.01,25,20,Needs Improvement
test_zig_zag_run,Default,FEMALE,20,40,4.5,7.4,90,Superior
test_zig_zag_run,Default,FEMALE,20,40,7.41,9.2,60,Healthy Fitness Zone
test_zig_zag_run,Default,FEMALE,20,40,9.21,25,20,Needs Improvement
test_zig_zag_run,Default,FEMALE,41,62,4.5,8.5,90,Superior
test_zig_zag_run,Default,FEMALE,41,62,8.51,10.6,60,Healthy Fitness Zone
test_zig_zag_run,Default,FEMALE,41,62,10.61,25,20,Needs Improvement
test_zig_zag_run,Default,FEMALE,63,115,4.5,10.3,90,Superior
test_zig_zag_run,Default,FEMALE,63,115,10.31,12.8,60,Healthy Fitness Zone
test_zig_zag_run,Default,FEMALE,63,115,12.81,25,20,Needs Improvement
test_seated_medicine_ball_throw,Default,MALE,5,12,1,2.9,20,Needs Improvement
test_seated_medicine_ball_throw,Default,MALE,5,12,3,4.4,60,Healthy Fitness Zone
test_seated_medicine_ball_throw,Default,MALE,5,12,4.5,15,90,Superior
test_seated_medicine_ball_throw,Default,MALE,13,19,1,4.4,20,Needs Improvement
test_seated_medicine_ball_throw,Default,MALE,13,19,4.5,6.9,60,Healthy Fitness Zone
test_seated_medicine_ball_throw,Default,MALE,13,19,7,15,90,Superior
test_seated_medicine_ball_throw,Default,MALE,20,40,1,5.4,20,Needs Improvement
test_seated_medicine_ball_throw,Default,MALE,20,40,5.5,8.4,60,Healthy Fitness Zone
test_seated_medicine_ball_throw,Default,MALE,20,40,8.5,15,90,Superior
test_seated_medicine_ball_throw,Default,MALE,41,62,1,4.4,20,Needs Improvement
test_seated_medicine_ball_throw,Default,MALE,41,62,4.5,6.9,60,Healthy Fitness Zone
test_seated_medicine_ball_throw,Default,MALE,41,62,7,15,90,Superior
test_seated_medicine_ball_throw,Default,MALE,63,115,1,3.2,20,Needs Improvement
test_seated_medicine_ball_throw,Default,MALE,63,115,3.3,5.2,60,Healthy Fitness Zone
test_seated_medicine_ball_throw,Default,MALE,63,115,5.3,15,90,Superior
test_seated_medicine_ball_throw,Default,FEMALE,5,12,1,2.4,20,Needs Improvement
test_seated_medicine_ball_throw,Default,FEMALE,5,12,2.5,3.8,60,Healthy Fitness Zone
test_seated_medicine_ball_throw,Default,FEMALE,5,12,3.9,15,90,Superior
test_seated_medicine_ball_throw,Default,FEMALE,13,19,1,3.4,20,Needs Improvement
test_seated_medicine_ball_throw,Default,FEMALE,13,19,3.5,5.4,60,Healthy Fitness Zone
test_seated_medicine_ball_throw,Default,FEMALE,13,19,5.5,15,90,Superior
test_seated_medicine_ball_throw,Default,FEMALE,20,40,1,4.1,20,Needs Improvement
test_seated_medicine_ball_throw,Default,FEMALE,20,40,4.2,6.4,60,Healthy Fitness Zone
test_seated_medicine_ball_throw,Default,FEMALE,20,40,6.5,15,90,Superior
test_seated_medicine_ball_throw,Default,FEMALE,41,62,1,3.4,20,Needs Improvement
test_seated_medicine_ball_throw,Default,FEMALE,41,62,3.5,5.4,60,Healthy Fitness Zone
test_seated_medicine_ball_throw,Default,FEMALE,41,62,5.5,15,90,Superior
test_seated_medicine_ball_throw,Default,FEMALE,63,115,1,2.6,20,Needs Improvement
test_seated_medicine_ball_throw,Default,FEMALE,63,115,2.7,4.2,60,Healthy Fitness Zone
test_seated_medicine_ball_throw,Default,FEMALE,63,115,4.3,15,90,Superior
test_squat_jump,Default,MALE,5,12,10,19.9,20,Needs Improvement
test_squat_jump,Default,MALE,5,12,20,31.9,60,Healthy Fitness Zone
test_squat_jump,Default,MALE,5,12,32,90,90,Superior
test_squat_jump,Default,MALE,13,19,10,27.9,20,Needs Improvement
test_squat_jump,Default,MALE,13,19,28,41.9,60,Healthy Fitness Zone
test_squat_jump,Default,MALE,13,19,42,90,90,Superior
test_squat_jump,Default,MALE,20,40,10,31.9,20,Needs Improvement
test_squat_jump,Default,MALE,20,40,32,46.9,60,Healthy Fitness Zone
test_squat_jump,Default,MALE,20,40,47,90,90,Superior
test_squat_jump,Default,MALE,41,62,10,24.9,20,Needs Improvement
test_squat_jump,Default,MALE,41,62,25,36.9,60,Healthy Fitness Zone
test_squat_jump,Default,MALE,41,62,37,90,90,Superior
test_squat_jump,Default,MALE,63,115,10,16.9,20,Needs Improvement
test_squat_jump,Default,MALE,63,115,17,26.9,60,Healthy Fitness Zone
test_squat_jump,Default,MALE,63,115,27,90,90,Superior
test_squat_jump,Default,FEMALE,5,12,10,16.9,20,Needs Improvement
test_squat_jump,Default,FEMALE,5,12,17,26.9,60,Healthy Fitness Zone
test_squat_jump,Default,FEMALE,5,12,27,90,90,Superior
test_squat_jump,Default,FEMALE,13,19,10,21.9,20,Needs Improvement
test_squat_jump,Default,FEMALE,13,19,22,32.9,60,Healthy Fitness Zone
test_squat_jump,Default,FEMALE,13,19,33,90,90,Superior
test_squat_jump,Default,FEMALE,20,40,10,24.9,20,Needs Improvement
test_squat_jump,Default,FEMALE,20,40,25,36.9,60,Healthy Fitness Zone
test_squat_jump,Default,FEMALE,20,40,37,90,90,Superior
test_squat_jump,Default,FEMALE,41,62,10,18.9,20,Needs Improvement
test_squat_jump,Default,FEMALE,41,62,19,28.9,60,Healthy Fitness Zone
test_squat_jump,Default,FEMALE,41,62,29,90,90,Superior
test_squat_jump,Default,FEMALE,63,115,10,13.9,20,Needs Improvement
test_squat_jump,Default,FEMALE,63,115,14,21.9,60,Healthy Fitness Zone
test_squat_jump,Default,FEMALE,63,115,22,90,90,Superior
test_toe_touch,Default,MALE,5,12,-30,-2.1,20,Needs Improvement
test_toe_touch,Default,MALE,5,12,-2,8,60,Healthy Fitness Zone
test_toe_touch,Default,MALE,5,12,8.1,40,90,Superior
test_toe_touch,Default,MALE,13,19,-30,-4.1,20,Needs Improvement
test_toe_touch,Default,MALE,13,19,-4,6,60,Healthy Fitness Zone
test_toe_touch,Default,MALE,13,19,6.1,40,90,Superior
test_toe_touch,Default,MALE,20,40,-30,-5.1,20,Needs Improvement
test_toe_touch,Default,MALE,20,40,-5,5,60,Healthy Fitness Zone
test_toe_touch,Default,MALE,20,40,5.1,40,90,Superior
test_toe_touch,Default,MALE,41,62,-30,-8.1,20,Needs Improvement
test_toe_touch,Default,MALE,41,62,-8,2,60,Healthy Fitness Zone
test_toe_touch,Default,MALE,41,62,2.1,40,90,Superior
test_toe_touch,Default,MALE,63,115,-30,-12.1,20,Needs Improvement
test_toe_touch,Default,MALE,63,115,-12,-1,60,Healthy Fitness Zone
test_toe_touch,Default,MALE,63,115,-0.9,40,90,Superior
test_toe_touch,Default,FEMALE,5,12,-30,-0.1,20,Needs Improvement
test_toe_touch,Default,FEMALE,5,12,0,10,60,Healthy Fitness Zone
test_toe_touch,Default,FEMALE,5,12,10.1,40,90,Superior
test_toe_touch,Default,FEMALE,13,19,-30,-1.1,20,Needs Improvement
test_toe_touch,Default,FEMALE,13,19,-1,9,60,Healthy Fitness Zone
test_toe_touch,Default,FEMALE,13,19,9.1,40,90,Superior
test_toe_touch,Default,FEMALE,20,40,-30,-2.1,20,Needs Improvement
test_toe_touch,Default,FEMALE,20,40,-2,8,60,Healthy Fitness Zone
test_toe_touch,Default,FEMALE,20,40,8.1,40,90,Superior
test_toe_touch,Default,FEMALE,41,62,-30,-5.1,20,Needs Improvement
test_toe_touch,Default,FEMALE,41,62,-5,5,60,Healthy Fitness Zone
test_toe_touch,Default,FEMALE,41,62,5.1,40,90,Superior
test_toe_touch,Default,FEMALE,63,115,-30,-9.1,20,Needs Improvement
test_toe_touch,Default,FEMALE,63,115,-9,1,60,Healthy Fitness Zone
test_toe_touch,Default,FEMALE,63,115,1.1,40,90,Superior
test_shoulder_flexibility,Default,MALE,5,12,-30,-6.1,20,Needs Improvement
test_shoulder_flexibility,Default,MALE,5,12,-6,4,60,Healthy Fitness Zone
test_shoulder_flexibility,Default,MALE,5,12,4.1,30,90,Superior
test_shoulder_flexibility,Default,MALE,13,19,-30,-8.1,20,Needs Improvement
test_shoulder_flexibility,Default,MALE,13,19,-8,3,60,Healthy Fitness Zone
test_shoulder_flexibility,Default,MALE,13,19,3.1,30,90,Superior
test_shoulder_flexibility,Default,MALE,20,40,-30,-9.1,20,Needs Improvement
test_shoulder_flexibility,Default,MALE,20,40,-9,3,60,Healthy Fitness Zone
test_shoulder_flexibility,Default,MALE,20,40,3.1,30,90,Superior
test_shoulder_flexibility,Default,MALE,41,62,-30,-12.1,20,Needs Improvement
test_shoulder_flexibility,Default,MALE,41,62,-12,0,60,Healthy Fitness Zone
test_shoulder_flexibility,Default,MALE,41,62,0.1,30,90,Superior
test_shoulder_flexibility,Default,MALE,63,115,-30,-15.1,20,Needs Improvement
test_shoulder_flexibility,Default,MALE,63,115,-15,-3,60,Healthy Fitness Zone
test_shoulder_flexibility,Default,MALE,63,115,-2.9,30,90,Superior
test_shoulder_flexibility,Default,FEMALE,5,12,-30,-3.1,20,Needs Improvement
test_shoulder_flexibility,Default,FEMALE,5,12,-3,6,60,Healthy Fitness Zone
test_shoulder_flexibility,Default,FEMALE,5,12,6.1,30,90,Superior
test_shoulder_flexibility,Default,FEMALE,13,19,-30,-4.1,20,Needs Improvement
test_shoulder_flexibility,Default,FEMALE,13,19,-4,6,60,Healthy Fitness Zone
test_shoulder_flexibility,Default,FEMALE,13,19,6.1,30,90,Superior
test_shoulder_flexibility,Default,FEMALE,20,40,-30,-5.1,20,Needs Improvement
test_shoulder_flexibility,Default,FEMALE,20,40,-5,6,60,Healthy Fitness Zone
test_shoulder_flexibility,Default,FEMALE,20,40,6.1,30,90,Superior
test_shoulder_flexibility,Default,FEMALE,41,62,-30,-8.1,20,Needs Improvement
test_shoulder_flexibility,Default,FEMALE,41,62,-8,3,60,Healthy Fitness Zone
test_shoulder_flexibility,Default,FEMALE,41,62,3.1,30,90,Superior
test_shoulder_flexibility,Default,FEMALE,63,115,-30,-12.1,20,Needs Improvement
test_shoulder_flexibility,Default,FEMALE,63,115,-12,0,60,Healthy Fitness Zone
test_shoulder_flexibility,Default,FEMALE,63,115,0.1,30,90,Superior
test_y_balance,Default,MALE,5,12,20,64.9,20,Needs Improvement
test_y_balance,Default,MALE,5,12,65,84.9,60,Healthy Fitness Zone
test_y_balance,Default,MALE,5,12,85,130,90,Superior
test_y_balance,Default,MALE,13,19,20,79.9,20,Needs Improvement
test_y_balance,Default,MALE,13,19,80,99.9,60,Healthy Fitness Zone
test_y_balance,Default,MALE,13,19,100,130,90,Superior
test_y_balance,Default,MALE,20,40,20,84.9,20,Needs Improvement
test_y_balance,Default,MALE,20,40,85,104.9,60,Healthy Fitness Zone
test_y_balance,Default,MALE,20,40,105,130,90,Superior
test_y_balance,Default,MALE,41,62,20,74.9,20,Needs Improvement
test_y_balance,Default,MALE,41,62,75,94.9,60,Healthy Fitness Zone
test_y_balance,Default,MALE,41,62,95,130,90,Superior
test_y_balance,Default,MALE,63,115,20,59.9,20,Needs Improvement
test_y_balance,Default,MALE,63,115,60,79.9,60,Healthy Fitness Zone
test_y_balance,Default,MALE,63,115,80,130,90,Superior
test_y_balance,Default,FEMALE,5,12,20,62.9,20,Needs Improvement
test_y_balance,Default,FEMALE,5,12,63,82.9,60,Healthy Fitness Zone
test_y_balance,Default,FEMALE,5,12,83,130,90,Superior
test_y_balance,Default,FEMALE,13,19,20,76.9,20,Needs Improvement
test_y_balance,Default,FEMALE,13,19,77,96.9,60,Healthy Fitness Zone
test_y_balance,Default,FEMALE,13,19,97,130,90,Superior
test_y_balance,Default,FEMALE,20,40,20,81.9,20,Needs Improvement
test_y_balance,Default,FEMALE,20,40,82,101.9,60,Healthy Fitness Zone
test_y_balance,Default,FEMALE,20,40,102,130,90,Superior
test_y_balance,Default,FEMALE,41,62,20,71.9,20,Needs Improvement
test_y_balance,Default,FEMALE,41,62,72,91.9,60,Healthy Fitness Zone
test_y_balance,Default,FEMALE,41,62,92,130,90,Superior
test_y_balance,Default,FEMALE,63,115,20,56.9,20,Needs Improvement
test_y_balance,Default,FEMALE,63,115,57,76.9,60,Healthy Fitness Zone
test_y_balance,Default,FEMALE,63,115,77,130,90,Superior
test_star_excursion,Default,MALE,5,12,20,59.9,20,Needs Improvement
test_star_excursion,Default,MALE,5,12,60,79.9,60,Healthy Fitness Zone
test_star_excursion,Default,MALE,5,12,80,130,90,Superior
test_star_excursion,Default,MALE,13,19,20,74.9,20,Needs Improvement
test_star_excursion,Default,MALE,13,19,75,94.9,60,Healthy Fitness Zone
test_star_excursion,Default,MALE,13,19,95,130,90,Superior
test_star_excursion,Default,MALE,20,40,20,79.9,20,Needs Improvement
test_star_excursion,Default,MALE,20,40,80,99.9,60,Healthy Fitness Zone
test_star_excursion,Default,MALE,20,40,100,130,90,Superior
test_star_excursion,Default,MALE,41,62,20,69.9,20,Needs Improvement
test_star_excursion,Default,MALE,41,62,70,89.9,60,Healthy Fitness Zone
test_star_excursion,Default,MALE,41,62,90,130,90,Superior
test_star_excursion,Default,MALE,63,115,20,54.9,20,Needs Improvement
test_star_excursion,Default,MALE,63,115,55,74.9,60,Healthy Fitness Zone
test_star_excursion,Default,MALE,63,115,75,130,90,Superior
test_star_excursion,Default,FEMALE,5,12,20,57.9,20,Needs Improvement
test_star_excursion,Default,FEMALE,5,12,58,77.9,60,Healthy Fitness Zone
test_star_excursion,Default,FEMALE,5,12,78,130,90,Superior
test_star_excursion,Default,FEMALE,13,19,20,71.9,20,Needs Improvement
test_star_excursion,Default,FEMALE,13,19,72,91.9,60,Healthy Fitness Zone
test_star_excursion,Default,FEMALE,13,19,92,130,90,Superior
test_star_excursion,Default,FEMALE,20,40,20,76.9,20,Needs Improvement
test_star_excursion,Default,FEMALE,20,40,77,96.9,60,Healthy Fitness Zone
test_star_excursion,Default,FEMALE,20,40,97,130,90,Superior
test_star_excursion,Default,FEMALE,41,62,20,66.9,20,Needs Improvement
test_star_excursion,Default,FEMALE,41,62,67,86.9,60,Healthy Fitness Zone
test_star_excursion,Default,FEMALE,41,62,87,130,90,Superior
test_star_excursion,Default,FEMALE,63,115,20,51.9,20,Needs Improvement
test_star_excursion,Default,FEMALE,63,115,52,71.9,60,Healthy Fitness Zone
test_star_excursion,Default,FEMALE,63,115,72,130,90,Superior
test_tandem_stand,Default,MALE,5,12,1,14.9,20,Needs Improvement
test_tandem_stand,Default,MALE,5,12,15,29.9,60,Healthy Fitness Zone
test_tandem_stand,Default,MALE,5,12,30,60,90,Superior
test_tandem_stand,Default,MALE,13,19,1,24.9,20,Needs Improvement
test_tandem_stand,Default,MALE,13,19,25,39.9,60,Healthy Fitness Zone
test_tandem_stand,Default,MALE,13,19,40,60,90,Superior
test_tandem_stand,Default,MALE,20,40,1,29.9,20,Needs Improvement
test_tandem_stand,Default,MALE,20,40,30,49.9,60,Healthy Fitness Zone
test_tandem_stand,Default,MALE,20,40,50,60,90,Superior
test_tandem_stand,Default,MALE,41,62,1,24.9,20,Needs Improvement
test_tandem_stand,Default,MALE,41,62,25,44.9,60,Healthy Fitness Zone
test_tandem_stand,Default,MALE,41,62,45,60,90,Superior
test_tandem_stand,Default,MALE,63,115,1,9.9,20,Needs Improvement
test_tandem_stand,Default,MALE,63,115,10,29.9,60,Healthy Fitness Zone
test_tandem_stand,Default,MALE,63,115,30,60,90,Superior
test_tandem_stand,Default,FEMALE,5,12,1,14.9,20,Needs Improvement
test_tandem_stand,Default,FEMALE,5,12,15,29.9,60,Healthy Fitness Zone
test_tandem_stand,Default,FEMALE,5,12,30,60,90,Superior
test_tandem_stand,Default,FEMALE,13,19,1,24.9,20,Needs Improvement
test_tandem_stand,Default,FEMALE,13,19,25,39.9,60,Healthy Fitness Zone
test_tandem_stand,Default,FEMALE,13,19,40,60,90,Superior
test_tandem_stand,Default,FEMALE,20,40,1,29.9,20,Needs Improvement
test_tandem_stand,Default,FEMALE,20,40,30,49.9,60,Healthy Fitness Zone
test_tandem_stand,Default,FEMALE,20,40,50,60,90,Superior
test_tandem_stand,Default,FEMALE,41,62,1,24.9,20,Needs Improvement
test_tandem_stand,Default,FEMALE,41,62,25,44.9,60,Healthy Fitness Zone
test_tandem_stand,Default,FEMALE,41,62,45,60,90,Superior
test_tandem_stand,Default,FEMALE,63,115,1,9.9,20,Needs Improvement
test_tandem_stand,Default,FEMALE,63,115,10,29.9,60,Healthy Fitness Zone
test_tandem_stand,Default,FEMALE,63,115,30,60,90,Superior
test_single_leg_hop_hold,Default,MALE,5,12,0.5,2.9,20,Needs Improvement
test_single_leg_hop_hold,Default,MALE,5,12,3,5.9,60,Healthy Fitness Zone
test_single_leg_hop_hold,Default,MALE,5,12,6,30,90,Superior
test_single_leg_hop_hold,Default,MALE,13,19,0.5,4.9,20,Needs Improvement
test_single_leg_hop_hold,Default,MALE,13,19,5,9.9,60,Healthy Fitness Zone
test_single_leg_hop_hold,Default,MALE,13,19,10,30,90,Superior
test_single_leg_hop_hold,Default,MALE,20,40,0.5,5.9,20,Needs Improvement
test_single_leg_hop_hold,Default,MALE,20,40,6,11.9,60,Healthy Fitness Zone
test_single_leg_hop_hold,Default,MALE,20,40,12,30,90,Superior
test_single_leg_hop_hold,Default,MALE,41,62,0.5,3.9,20,Needs Improvement
test_single_leg_hop_hold,Default,MALE,41,62,4,7.9,60,Healthy Fitness Zone
test_single_leg_hop_hold,Default,MALE,41,62,8,30,90,Superior
test_single_leg_hop_hold,Default,MALE,63,115,0.5,1.9,20,Needs Improvement
test_single_leg_hop_hold,Default,MALE,63,115,2,4.9,60,Healthy Fitness Zone
test_single_leg_hop_hold,Default,MALE,63,115,5,30,90,Superior
test_single_leg_hop_hold,Default,FEMALE,5,12,0.5,2.9,20,Needs Improvement
test_single_leg_hop_hold,Default,FEMALE,5,12,3,5.9,60,Healthy Fitness Zone
test_single_leg_hop_hold,Default,FEMALE,5,12,6,30,90,Superior
test_single_leg_hop_hold,Default,FEMALE,13,19,0.5,4.9,20,Needs Improvement
test_single_leg_hop_hold,Default,FEMALE,13,19,5,9.9,60,Healthy Fitness Zone
test_single_leg_hop_hold,Default,FEMALE,13,19,10,30,90,Superior
test_single_leg_hop_hold,Default,FEMALE,20,40,0.5,5.9,20,Needs Improvement
test_single_leg_hop_hold,Default,FEMALE,20,40,6,11.9,60,Healthy Fitness Zone
test_single_leg_hop_hold,Default,FEMALE,20,40,12,30,90,Superior
test_single_leg_hop_hold,Default,FEMALE,41,62,0.5,3.9,20,Needs Improvement
test_single_leg_hop_hold,Default,FEMALE,41,62,4,7.9,60,Healthy Fitness Zone
test_single_leg_hop_hold,Default,FEMALE,41,62,8,30,90,Superior
test_single_leg_hop_hold,Default,FEMALE,63,115,0.5,1.9,20,Needs Improvement
test_single_leg_hop_hold,Default,FEMALE,63,115,2,4.9,60,Healthy Fitness Zone
test_single_leg_hop_hold,Default,FEMALE,63,115,5,30,90,Superior
test_stork_stand,Default,MALE,5,12,1,9.9,20,Needs Improvement
test_stork_stand,Default,MALE,5,12,10,24.9,60,Healthy Fitness Zone
test_stork_stand,Default,MALE,5,12,25,180,90,Superior
test_stork_stand,Default,MALE,13,19,1,19.9,20,Needs Improvement
test_stork_stand,Default,MALE,13,19,20,39.9,60,Healthy Fitness Zone
test_stork_stand,Default,MALE,13,19,40,180,90,Superior
test_stork_stand,Default,MALE,20,40,1,24.9,20,Needs Improvement
test_stork_stand,Default,MALE,20,40,25,49.9,60,Healthy Fitness Zone
test_stork_stand,Default,MALE,20,40,50,180,90,Superior
test_stork_stand,Default,MALE,41,62,1,14.9,20,Needs Improvement
test_stork_stand,Default,MALE,41,62,15,34.9,60,Healthy Fitness Zone
test_stork_stand,Default,MALE,41,62,35,180,90,Superior
test_stork_stand,Default,MALE,63,115,1,6.9,20,Needs Improvement
test_stork_stand,Default,MALE,63,115,7,19.9,60,Healthy Fitness Zone
test_stork_stand,Default,MALE,63,115,20,180,90,Superior
test_stork_stand,Default,FEMALE,5,12,1,7.9,20,Needs Improvement
test_stork_stand,Default,FEMALE,5,12,8,19.9,60,Healthy Fitness Zone
test_stork_stand,Default,FEMALE,5,12,20,180,90,Superior
test_stork_stand,Default,FEMALE,13,19,1,14.9,20,Needs Improvement
test_stork_stand,Default,FEMALE,13,19,15,34.9,60,Healthy Fitness Zone
test_stork_stand,Default,FEMALE,13,19,35,180,90,Superior
test_stork_stand,Default,FEMALE,20,40,1,19.9,20,Needs Improvement
test_stork_stand,Default,FEMALE,20,40,20,39.9,60,Healthy Fitness Zone
test_stork_stand,Default,FEMALE,20,40,40,180,90,Superior
test_stork_stand,Default,FEMALE,41,62,1,11.9,20,Needs Improvement
test_stork_stand,Default,FEMALE,41,62,12,27.9,60,Healthy Fitness Zone
test_stork_stand,Default,FEMALE,41,62,28,180,90,Superior
test_stork_stand,Default,FEMALE,63,115,1,4.9,20,Needs Improvement
test_stork_stand,Default,FEMALE,63,115,5,14.9,60,Healthy Fitness Zone
test_stork_stand,Default,FEMALE,63,115,15,180,90,Superior
test_eyes_closed_balance,Default,MALE,5,12,1,4.9,20,Needs Improvement
test_eyes_closed_balance,Default,MALE,5,12,5,12.9,60,Healthy Fitness Zone
test_eyes_closed_balance,Default,MALE,5,12,13,60,90,Superior
test_eyes_closed_balance,Default,MALE,13,19,1,8.9,20,Needs Improvement
test_eyes_closed_balance,Default,MALE,13,19,9,19.9,60,Healthy Fitness Zone
test_eyes_closed_balance,Default,MALE,13,19,20,60,90,Superior
test_eyes_closed_balance,Default,MALE,20,40,1,11.9,20,Needs Improvement
test_eyes_closed_balance,Default,MALE,20,40,12,27.9,60,Healthy Fitness Zone
test_eyes_closed_balance,Default,MALE,20,40,28,60,90,Superior
test_eyes_closed_balance,Default,MALE,41,62,1,6.9,20,Needs Improvement
test_eyes_closed_balance,Default,MALE,41,62,7,17.9,60,Healthy Fitness Zone
test_eyes_closed_balance,Default,MALE,41,62,18,60,90,Superior
test_eyes_closed_balance,Default,MALE,63,115,1,2.9,20,Needs Improvement
test_eyes_closed_balance,Default,MALE,63,115,3,7.9,60,Healthy Fitness Zone
test_eyes_closed_balance,Default,MALE,63,115,8,60,90,Superior
test_eyes_closed_balance,Default,FEMALE,5,12,1,4.9,20,Needs Improvement
test_eyes_closed_balance,Default,FEMALE,5,12,5,12.9,60,Healthy Fitness Zone
test_eyes_closed_balance,Default,FEMALE,5,12,13,60,90,Superior
test_eyes_closed_balance,Default,FEMALE,13,19,1,8.9,20,Needs Improvement
test_eyes_closed_balance,Default,FEMALE,13,19,9,19.9,60,Healthy Fitness Zone
test_eyes_closed_balance,Default,FEMALE,13,19,20,60,90,Superior
test_eyes_closed_balance,Default,FEMALE,20,40,1,11.9,20,Needs Improvement
test_eyes_closed_balance,Default,FEMALE,20,40,12,27.9,60,Healthy Fitness Zone
test_eyes_closed_balance,Default,FEMALE,20,40,28,60,90,Superior
test_eyes_closed_balance,Default,FEMALE,41,62,1,6.9,20,Needs Improvement
test_eyes_closed_balance,Default,FEMALE,41,62,7,17.9,60,Healthy Fitness Zone
test_eyes_closed_balance,Default,FEMALE,41,62,18,60,90,Superior
test_eyes_closed_balance,Default,FEMALE,63,115,1,2.9,20,Needs Improvement
test_eyes_closed_balance,Default,FEMALE,63,115,3,7.9,60,Healthy Fitness Zone
test_eyes_closed_balance,Default,FEMALE,63,115,8,60,90,Superior
test_slalom_dribble,Default,MALE,5,12,5,12.5,90,Superior
test_slalom_dribble,Default,MALE,5,12,12.51,16,60,Healthy Fitness Zone
test_slalom_dribble,Default,MALE,5,12,16.01,30,20,Needs Improvement
test_slalom_dribble,Default,MALE,13,19,5,10.5,90,Superior
test_slalom_dribble,Default,MALE,13,19,10.51,13.5,60,Healthy Fitness Zone
test_slalom_dribble,Default,MALE,13,19,13.51,30,20,Needs Improvement
test_slalom_dribble,Default,MALE,20,40,5,9.4,90,Superior
test_slalom_dribble,Default,MALE,20,40,9.41,12.2,60,Healthy Fitness Zone
test_slalom_dribble,Default,MALE,20,40,12.21,30,20,Needs Improvement
test_slalom_dribble,Default,MALE,41,62,5,11,90,Superior
test_slalom_dribble,Default,MALE,41,62,11.01,14,60,Healthy Fitness Zone
test_slalom_dribble,Default,MALE,41,62,14.01,30,20,Needs Improvement
test_slalom_dribble,Default,MALE,63,115,5,13.5,90,Superior
test_slalom_dribble,Default,MALE,63,115,13.51,17.5,60,Healthy Fitness Zone
test_slalom_dribble,Default,MALE,63,115,17.51,30,20,Needs Improvement
test_slalom_dribble,Default,FEMALE,5,12,5,13.5,90,Superior
test_slalom_dribble,Default,FEMALE,5,12,13.51,17,60,Healthy Fitness Zone
test_slalom_dribble,Default,FEMALE,5,12,17.01,30,20,Needs Improvement
test_slalom_dribble,Default,FEMALE,13,19,5,11.5,90,Superior
test_slalom_dribble,Default,FEMALE,13,19,11.51,14.5,60,Healthy Fitness Zone
test_slalom_dribble,Default,FEMALE,13,19,14.51,30,20,Needs Improvement
test_slalom_dribble,Default,FEMALE,20,40,5,10.2,90,Superior
test_slalom_dribble,Default,FEMALE,20,40,10.21,13,60,Healthy Fitness Zone
test_slalom_dribble,Default,FEMALE,20,40,13.01,30,20,Needs Improvement
test_slalom_dribble,Default,FEMALE,41,62,5,12,90,Superior
test_slalom_dribble,Default,FEMALE,41,62,12.01,15,60,Healthy Fitness Zone
test_slalom_dribble,Default,FEMALE,41,62,15.01,30,20,Needs Improvement
test_slalom_dribble,Default,FEMALE,63,115,5,14.5,90,Superior
test_slalom_dribble,Default,FEMALE,63,115,14.51,18.5,60,Healthy Fitness Zone
test_slalom_dribble,Default,FEMALE,63,115,18.51,30,20,Needs Improvement
test_wall_toss,Default,MALE,5,12,0,9,20,Needs Improvement
test_wall_toss,Default,MALE,5,12,10,19,60,Healthy Fitness Zone
test_wall_toss,Default,MALE,5,12,20,60,90,Superior
test_wall_toss,Default,MALE,13,19,0,16,20,Needs Improvement
test_wall_toss,Default,MALE,13,19,17,27,60,Healthy Fitness Zone
test_wall_toss,Default,MALE,13,19,28,60,90,Superior
test_wall_toss,Default,MALE,20,40,0,19,20,Needs Improvement
test_wall_toss,Default,MALE,20,40,20,31,60,Healthy Fitness Zone
test_wall_toss,Default,MALE,20,40,32,60,90,Superior
test_wall_toss,Default,MALE,41,62,0,14,20,Needs Improvement
test_wall_toss,Default,MALE,41,62,15,25,60,Healthy Fitness Zone
test_wall_toss,Default,MALE,41,62,26,60,90,Superior
test_wall_toss,Default,MALE,63,115,0,8,20,Needs Improvement
test_wall_toss,Default,MALE,63,115,9,17,60,Healthy Fitness Zone
test_wall_toss,Default,MALE,63,115,18,60,90,Superior
test_wall_toss,Default,FEMALE,5,12,0,9,20,Needs Improvement
test_wall_toss,Default,FEMALE,5,12,10,19,60,Healthy Fitness Zone
test_wall_toss,Default,FEMALE,5,12,20,60,90,Superior
test_wall_toss,Default,FEMALE,13,19,0,16,20,Needs Improvement
test_wall_toss,Default,FEMALE,13,19,17,27,60,Healthy Fitness Zone
test_wall_toss,Default,FEMALE,13,19,28,60,90,Superior
test_wall_toss,Default,FEMALE,20,40,0,19,20,Needs Improvement
test_wall_toss,Default,FEMALE,20,40,20,31,60,Healthy Fitness Zone
test_wall_toss,Default,FEMALE,20,40,32,60,90,Superior
test_wall_toss,Default,FEMALE,41,62,0,14,20,Needs Improvement
test_wall_toss,Default,FEMALE,41,62,15,25,60,Healthy Fitness Zone
test_wall_toss,Default,FEMALE,41,62,26,60,90,Superior
test_wall_toss,Default,FEMALE,63,115,0,8,20,Needs Improvement
test_wall_toss,Default,FEMALE,63,115,9,17,60,Healthy Fitness Zone
test_wall_toss,Default,FEMALE,63,115,18,60,90,Superior
test_target_throw,Default,MALE,5,12,0,5,20,Needs Improvement
test_target_throw,Default,MALE,5,12,6,11,60,Healthy Fitness Zone
test_target_throw,Default,MALE,5,12,12,30,90,Superior
test_target_throw,Default,MALE,13,19,0,9,20,Needs Improvement
test_target_throw,Default,MALE,13,19,10,17,60,Healthy Fitness Zone
test_target_throw,Default,MALE,13,19,18,30,90,Superior
test_target_throw,Default,MALE,20,40,0,11,20,Needs Improvement
test_target_throw,Default,MALE,20,40,12,20,60,Healthy Fitness Zone
test_target_throw,Default,MALE,20,40,21,30,90,Superior
test_target_throw,Default,MALE,41,62,0,8,20,Needs Improvement
test_target_throw,Default,MALE,41,62,9,16,60,Healthy Fitness Zone
test_target_throw,Default,MALE,41,62,17,30,90,Superior
test_target_throw,Default,MALE,63,115,0,5,20,Needs Improvement
test_target_throw,Default,MALE,63,115,6,11,60,Healthy Fitness Zone
test_target_throw,Default,MALE,63,115,12,30,90,Superior
test_target_throw,Default,FEMALE,5,12,0,4,20,Needs Improvement
test_target_throw,Default,FEMALE,5,12,5,9,60,Healthy Fitness Zone
test_target_throw,Default,FEMALE,5,12,10,30,90,Superior
test_target_throw,Default,FEMALE,13,19,0,7,20,Needs Improvement
test_target_throw,Default,FEMALE,13,19,8,14,60,Healthy Fitness Zone
test_target_throw,Default,FEMALE,13,19,15,30,90,Superior
test_target_throw,Default,FEMALE,20,40,0,9,20,Needs Improvement
test_target_throw,Default,FEMALE,20,40,10,17,60,Healthy Fitness Zone
test_target_throw,Default,FEMALE,20,40,18,30,90,Superior
test_target_throw,Default,FEMALE,41,62,0,7,20,Needs Improvement
test_target_throw,Default,FEMALE,41,62,8,14,60,Healthy Fitness Zone
test_target_throw,Default,FEMALE,41,62,15,30,90,Superior
test_target_throw,Default,FEMALE,63,115,0,4,20,Needs Improvement
test_target_throw,Default,FEMALE,63,115,5,9,60,Healthy Fitness Zone
test_target_throw,Default,FEMALE,63,115,10,30,90,Superior
test_passing_accuracy,Default,MALE,5,12,0,3,20,Needs Improvement
test_passing_accuracy,Default,MALE,5,12,4,7,60,Healthy Fitness Zone
test_passing_accuracy,Default,MALE,5,12,8,20,90,Superior
test_passing_accuracy,Default,MALE,13,19,0,5,20,Needs Improvement
test_passing_accuracy,Default,MALE,13,19,6,10,60,Healthy Fitness Zone
test_passing_accuracy,Default,MALE,13,19,11,20,90,Superior
test_passing_accuracy,Default,MALE,20,40,0,6,20,Needs Improvement
test_passing_accuracy,Default,MALE,20,40,7,12,60,Healthy Fitness Zone
test_passing_accuracy,Default,MALE,20,40,13,20,90,Superior
test_passing_accuracy,Default,MALE,41,62,0,4,20,Needs Improvement
test_passing_accuracy,Default,MALE,41,62,5,9,60,Healthy Fitness Zone
test_passing_accuracy,Default,MALE,41,62,10,20,90,Superior
test_passing_accuracy,Default,MALE,63,115,0,2,20,Needs Improvement
test_passing_accuracy,Default,MALE,63,115,3,6,60,Healthy Fitness Zone
test_passing_accuracy,Default,MALE,63,115,7,20,90,Superior
test_passing_accuracy,Default,FEMALE,5,12,0,3,20,Needs Improvement
test_passing_accuracy,Default,FEMALE,5,12,4,7,60,Healthy Fitness Zone
test_passing_accuracy,Default,FEMALE,5,12,8,20,90,Superior
test_passing_accuracy,Default,FEMALE,13,19,0,5,20,Needs Improvement
test_passing_accuracy,Default,FEMALE,13,19,6,10,60,Healthy Fitness Zone
test_passing_accuracy,Default,FEMALE,13,19,11,20,90,Superior
test_passing_accuracy,Default,FEMALE,20,40,0,6,20,Needs Improvement
test_passing_accuracy,Default,FEMALE,20,40,7,12,60,Healthy Fitness Zone
test_passing_accuracy,Default,FEMALE,20,40,13,20,90,Superior
test_passing_accuracy,Default,FEMALE,41,62,0,4,20,Needs Improvement
test_passing_accuracy,Default,FEMALE,41,62,5,9,60,Healthy Fitness Zone
test_passing_accuracy,Default,FEMALE,41,62,10,20,90,Superior
test_passing_accuracy,Default,FEMALE,63,115,0,2,20,Needs Improvement
test_passing_accuracy,Default,FEMALE,63,115,3,6,60,Healthy Fitness Zone
test_passing_accuracy,Default,FEMALE,63,115,7,20,90,Superior
test_football_juggling,Default,MALE,5,12,0,4,20,Needs Improvement
test_football_juggling,Default,MALE,5,12,5,19,60,Healthy Fitness Zone
test_football_juggling,Default,MALE,5,12,20,300,90,Superior
test_football_juggling,Default,MALE,13,19,0,14,20,Needs Improvement
test_football_juggling,Default,MALE,13,19,15,49,60,Healthy Fitness Zone
test_football_juggling,Default,MALE,13,19,50,300,90,Superior
test_football_juggling,Default,MALE,20,40,0,19,20,Needs Improvement
test_football_juggling,Default,MALE,20,40,20,69,60,Healthy Fitness Zone
test_football_juggling,Default,MALE,20,40,70,300,90,Superior
test_football_juggling,Default,MALE,41,62,0,9,20,Needs Improvement
test_football_juggling,Default,MALE,41,62,10,34,60,Healthy Fitness Zone
test_football_juggling,Default,MALE,41,62,35,300,90,Superior
test_football_juggling,Default,MALE,63,115,0,3,20,Needs Improvement
test_football_juggling,Default,MALE,63,115,4,14,60,Healthy Fitness Zone
test_football_juggling,Default,MALE,63,115,15,300,90,Superior
test_football_juggling,Default,FEMALE,5,12,0,3,20,Needs Improvement
test_football_juggling,Default,FEMALE,5,12,4,14,60,Healthy Fitness Zone
test_football_juggling,Default,FEMALE,5,12,15,300,90,Superior
test_football_juggling,Default,FEMALE,13,19,0,9,20,Needs Improvement
test_football_juggling,Default,FEMALE,13,19,10,34,60,Healthy Fitness Zone
test_football_juggling,Default,FEMALE,13,19,35,300,90,Superior
test_football_juggling,Default,FEMALE,20,40,0,14,20,Needs Improvement
test_football_juggling,Default,FEMALE,20,40,15,49,60,Healthy Fitness Zone
test_football_juggling,Default,FEMALE,20,40,50,300,90,Superior
test_football_juggling,Default,FEMALE,41,62,0,7,20,Needs Improvement
test_football_juggling,Default,FEMALE,41,62,8,24,60,Healthy Fitness Zone
test_football_juggling,Default,FEMALE,41,62,25,300,90,Superior
test_football_juggling,Default,FEMALE,63,115,0,2,20,Needs Improvement
test_football_juggling,Default,FEMALE,63,115,3,9,60,Healthy Fitness Zone
test_football_juggling,Default,FEMALE,63,115,10,300,90,Superior
test_alternate_hand_wall_toss,Default,MALE,5,12,0,7,20,Needs Improvement
test_alternate_hand_wall_toss,Default,MALE,5,12,8,15,60,Healthy Fitness Zone
test_alternate_hand_wall_toss,Default,MALE,5,12,16,45,90,Superior
test_alternate_hand_wall_toss,Default,MALE,13,19,0,13,20,Needs Improvement
test_alternate_hand_wall_toss,Default,MALE,13,19,14,22,60,Healthy Fitness Zone
test_alternate_hand_wall_toss,Default,MALE,13,19,23,45,90,Superior
test_alternate_hand_wall_toss,Default,MALE,20,40,0,15,20,Needs Improvement
test_alternate_hand_wall_toss,Default,MALE,20,40,16,25,60,Healthy Fitness Zone
test_alternate_hand_wall_toss,Default,MALE,20,40,26,45,90,Superior
test_alternate_hand_wall_toss,Default,MALE,41,62,0,11,20,Needs Improvement
test_alternate_hand_wall_toss,Default,MALE,41,62,12,20,60,Healthy Fitness Zone
test_alternate_hand_wall_toss,Default,MALE,41,62,21,45,90,Superior
test_alternate_hand_wall_toss,Default,MALE,63,115,0,6,20,Needs Improvement
test_alternate_hand_wall_toss,Default,MALE,63,115,7,13,60,Healthy Fitness Zone
test_alternate_hand_wall_toss,Default,MALE,63,115,14,45,90,Superior
test_alternate_hand_wall_toss,Default,FEMALE,5,12,0,7,20,Needs Improvement
test_alternate_hand_wall_toss,Default,FEMALE,5,12,8,15,60,Healthy Fitness Zone
test_alternate_hand_wall_toss,Default,FEMALE,5,12,16,45,90,Superior
test_alternate_hand_wall_toss,Default,FEMALE,13,19,0,13,20,Needs Improvement
test_alternate_hand_wall_toss,Default,FEMALE,13,19,14,22,60,Healthy Fitness Zone
test_alternate_hand_wall_toss,Default,FEMALE,13,19,23,45,90,Superior
test_alternate_hand_wall_toss,Default,FEMALE,20,40,0,15,20,Needs Improvement
test_alternate_hand_wall_toss,Default,FEMALE,20,40,16,25,60,Healthy Fitness Zone
test_alternate_hand_wall_toss,Default,FEMALE,20,40,26,45,90,Superior
test_alternate_hand_wall_toss,Default,FEMALE,41,62,0,11,20,Needs Improvement
test_alternate_hand_wall_toss,Default,FEMALE,41,62,12,20,60,Healthy Fitness Zone
test_alternate_hand_wall_toss,Default,FEMALE,41,62,21,45,90,Superior
test_alternate_hand_wall_toss,Default,FEMALE,63,115,0,6,20,Needs Improvement
test_alternate_hand_wall_toss,Default,FEMALE,63,115,7,13,60,Healthy Fitness Zone
test_alternate_hand_wall_toss,Default,FEMALE,63,115,14,45,90,Superior
test_dribbling,Default,MALE,5,12,5,13.5,90,Superior
test_dribbling,Default,MALE,5,12,13.51,17.5,60,Healthy Fitness Zone
test_dribbling,Default,MALE,5,12,17.51,35,20,Needs Improvement
test_dribbling,Default,MALE,13,19,5,11.2,90,Superior
test_dribbling,Default,MALE,13,19,11.21,14.5,60,Healthy Fitness Zone
test_dribbling,Default,MALE,13,19,14.51,35,20,Needs Improvement
test_dribbling,Default,MALE,20,40,5,10,90,Superior
test_dribbling,Default,MALE,20,40,10.01,13,60,Healthy Fitness Zone
test_dribbling,Default,MALE,20,40,13.01,35,20,Needs Improvement
test_dribbling,Default,MALE,41,62,5,11.8,90,Superior
test_dribbling,Default,MALE,41,62,11.81,15,60,Healthy Fitness Zone
test_dribbling,Default,MALE,41,62,15.01,35,20,Needs Improvement
test_dribbling,Default,MALE,63,115,5,14.5,90,Superior
test_dribbling,Default,MALE,63,115,14.51,19,60,Healthy Fitness Zone
test_dribbling,Default,MALE,63,115,19.01,35,20,Needs Improvement
test_dribbling,Default,FEMALE,5,12,5,14.5,90,Superior
test_dribbling,Default,FEMALE,5,12,14.51,18.5,60,Healthy Fitness Zone
test_dribbling,Default,FEMALE,5,12,18.51,35,20,Needs Improvement
test_dribbling,Default,FEMALE,13,19,5,12,90,Superior
test_dribbling,Default,FEMALE,13,19,12.01,15.5,60,Healthy Fitness Zone
test_dribbling,Default,FEMALE,13,19,15.51,35,20,Needs Improvement
test_dribbling,Default,FEMALE,20,40,5,10.8,90,Superior
test_dribbling,Default,FEMALE,20,40,10.81,14,60,Healthy Fitness Zone
test_dribbling,Default,FEMALE,20,40,14.01,35,20,Needs Improvement
test_dribbling,Default,FEMALE,41,62,5,12.8,90,Superior
test_dribbling,Default,FEMALE,41,62,12.81,16,60,Healthy Fitness Zone
test_dribbling,Default,FEMALE,41,62,16.01,35,20,Needs Improvement
test_dribbling,Default,FEMALE,63,115,5,15.5,90,Superior
test_dribbling,Default,FEMALE,63,115,15.51,20,60,Healthy Fitness Zone
test_dribbling,Default,FEMALE,63,115,20.01,35,20,Needs Improvement
test_ball_catch,Default,MALE,5,12,0,4,20,Needs Improvement
test_ball_catch,Default,MALE,5,12,5,8,60,Healthy Fitness Zone
test_ball_catch,Default,MALE,5,12,9,30,90,Superior
test_ball_catch,Default,MALE,13,19,0,6,20,Needs Improvement
test_ball_catch,Default,MALE,13,19,7,12,60,Healthy Fitness Zone
test_ball_catch,Default,MALE,13,19,13,30,90,Superior
test_ball_catch,Default,MALE,20,40,0,7,20,Needs Improvement
test_ball_catch,Default,MALE,20,40,8,14,60,Healthy Fitness Zone
test_ball_catch,Default,MALE,20,40,15,30,90,Superior
test_ball_catch,Default,MALE,41,62,0,5,20,Needs Improvement
test_ball_catch,Default,MALE,41,62,6,11,60,Healthy Fitness Zone
test_ball_catch,Default,MALE,41,62,12,30,90,Superior
test_ball_catch,Default,MALE,63,115,0,3,20,Needs Improvement
test_ball_catch,Default,MALE,63,115,4,8,60,Healthy Fitness Zone
test_ball_catch,Default,MALE,63,115,9,30,90,Superior
test_ball_catch,Default,FEMALE,5,12,0,4,20,Needs Improvement
test_ball_catch,Default,FEMALE,5,12,5,8,60,Healthy Fitness Zone
test_ball_catch,Default,FEMALE,5,12,9,30,90,Superior
test_ball_catch,Default,FEMALE,13,19,0,6,20,Needs Improvement
test_ball_catch,Default,FEMALE,13,19,7,12,60,Healthy Fitness Zone
test_ball_catch,Default,FEMALE,13,19,13,30,90,Superior
test_ball_catch,Default,FEMALE,20,40,0,7,20,Needs Improvement
test_ball_catch,Default,FEMALE,20,40,8,14,60,Healthy Fitness Zone
test_ball_catch,Default,FEMALE,20,40,15,30,90,Superior
test_ball_catch,Default,FEMALE,41,62,0,5,20,Needs Improvement
test_ball_catch,Default,FEMALE,41,62,6,11,60,Healthy Fitness Zone
test_ball_catch,Default,FEMALE,41,62,12,30,90,Superior
test_ball_catch,Default,FEMALE,63,115,0,3,20,Needs Improvement
test_ball_catch,Default,FEMALE,63,115,4,8,60,Healthy Fitness Zone
test_ball_catch,Default,FEMALE,63,115,9,30,90,Superior
test_choice_ball_catch,Default,MALE,5,12,0,3,20,Needs Improvement
test_choice_ball_catch,Default,MALE,5,12,4,7,60,Healthy Fitness Zone
test_choice_ball_catch,Default,MALE,5,12,8,20,90,Superior
test_choice_ball_catch,Default,MALE,13,19,0,5,20,Needs Improvement
test_choice_ball_catch,Default,MALE,13,19,6,10,60,Healthy Fitness Zone
test_choice_ball_catch,Default,MALE,13,19,11,20,90,Superior
test_choice_ball_catch,Default,MALE,20,40,0,6,20,Needs Improvement
test_choice_ball_catch,Default,MALE,20,40,7,11,60,Healthy Fitness Zone
test_choice_ball_catch,Default,MALE,20,40,12,20,90,Superior
test_choice_ball_catch,Default,MALE,41,62,0,4,20,Needs Improvement
test_choice_ball_catch,Default,MALE,41,62,5,9,60,Healthy Fitness Zone
test_choice_ball_catch,Default,MALE,41,62,10,20,90,Superior
test_choice_ball_catch,Default,MALE,63,115,0,2,20,Needs Improvement
test_choice_ball_catch,Default,MALE,63,115,3,6,60,Healthy Fitness Zone
test_choice_ball_catch,Default,MALE,63,115,7,20,90,Superior
test_choice_ball_catch,Default,FEMALE,5,12,0,3,20,Needs Improvement
test_choice_ball_catch,Default,FEMALE,5,12,4,7,60,Healthy Fitness Zone
test_choice_ball_catch,Default,FEMALE,5,12,8,20,90,Superior
test_choice_ball_catch,Default,FEMALE,13,19,0,5,20,Needs Improvement
test_choice_ball_catch,Default,FEMALE,13,19,6,10,60,Healthy Fitness Zone
test_choice_ball_catch,Default,FEMALE,13,19,11,20,90,Superior
test_choice_ball_catch,Default,FEMALE,20,40,0,6,20,Needs Improvement
test_choice_ball_catch,Default,FEMALE,20,40,7,11,60,Healthy Fitness Zone
test_choice_ball_catch,Default,FEMALE,20,40,12,20,90,Superior
test_choice_ball_catch,Default,FEMALE,41,62,0,4,20,Needs Improvement
test_choice_ball_catch,Default,FEMALE,41,62,5,9,60,Healthy Fitness Zone
test_choice_ball_catch,Default,FEMALE,41,62,10,20,90,Superior
test_choice_ball_catch,Default,FEMALE,63,115,0,2,20,Needs Improvement
test_choice_ball_catch,Default,FEMALE,63,115,3,6,60,Healthy Fitness Zone
test_choice_ball_catch,Default,FEMALE,63,115,7,20,90,Superior
test_light_response,Default,MALE,5,12,120,260,90,Superior
test_light_response,Default,MALE,5,12,260.1,350,60,Healthy Fitness Zone
test_light_response,Default,MALE,5,12,350.1,800,20,Needs Improvement
test_light_response,Default,MALE,13,19,120,225,90,Superior
test_light_response,Default,MALE,13,19,225.1,300,60,Healthy Fitness Zone
test_light_response,Default,MALE,13,19,300.1,800,20,Needs Improvement
test_light_response,Default,MALE,20,40,120,210,90,Superior
test_light_response,Default,MALE,20,40,210.1,280,60,Healthy Fitness Zone
test_light_response,Default,MALE,20,40,280.1,800,20,Needs Improvement
test_light_response,Default,MALE,41,62,120,240,90,Superior
test_light_response,Default,MALE,41,62,240.1,320,60,Healthy Fitness Zone
test_light_response,Default,MALE,41,62,320.1,800,20,Needs Improvement
test_light_response,Default,MALE,63,115,120,290,90,Superior
test_light_response,Default,MALE,63,115,290.1,380,60,Healthy Fitness Zone
test_light_response,Default,MALE,63,115,380.1,800,20,Needs Improvement
test_light_response,Default,FEMALE,5,12,120,270,90,Superior
test_light_response,Default,FEMALE,5,12,270.1,360,60,Healthy Fitness Zone
test_light_response,Default,FEMALE,5,12,360.1,800,20,Needs Improvement
test_light_response,Default,FEMALE,13,19,120,235,90,Superior
test_light_response,Default,FEMALE,13,19,235.1,310,60,Healthy Fitness Zone
test_light_response,Default,FEMALE,13,19,310.1,800,20,Needs Improvement
test_light_response,Default,FEMALE,20,40,120,220,90,Superior
test_light_response,Default,FEMALE,20,40,220.1,290,60,Healthy Fitness Zone
test_light_response,Default,FEMALE,20,40,290.1,800,20,Needs Improvement
test_light_response,Default,FEMALE,41,62,120,250,90,Superior
test_light_response,Default,FEMALE,41,62,250.1,330,60,Healthy Fitness Zone
test_light_response,Default,FEMALE,41,62,330.1,800,20,Needs Improvement
test_light_response,Default,FEMALE,63,115,120,305,90,Superior
test_light_response,Default,FEMALE,63,115,305.1,400,60,Healthy Fitness Zone
test_light_response,Default,FEMALE,63,115,400.1,800,20,Needs Improvement
test_ruler_drop,Default,MALE,5,12,1,15,90,Superior
test_ruler_drop,Default,MALE,5,12,15.1,22,60,Healthy Fitness Zone
test_ruler_drop,Default,MALE,5,12,22.1,30,20,Needs Improvement
test_ruler_drop,Default,MALE,13,19,1,12,90,Superior
test_ruler_drop,Default,MALE,13,19,12.1,19,60,Healthy Fitness Zone
test_ruler_drop,Default,MALE,13,19,19.1,30,20,Needs Improvement
test_ruler_drop,Default,MALE,20,40,1,11,90,Superior
test_ruler_drop,Default,MALE,20,40,11.1,18,60,Healthy Fitness Zone
test_ruler_drop,Default,MALE,20,40,18.1,30,20,Needs Improvement
test_ruler_drop,Default,MALE,41,62,1,14,90,Superior
test_ruler_drop,Default,MALE,41,62,14.1,21,60,Healthy Fitness Zone
test_ruler_drop,Default,MALE,41,62,21.1,30,20,Needs Improvement
test_ruler_drop,Default,MALE,63,115,1,17,90,Superior
test_ruler_drop,Default,MALE,63,115,17.1,24,60,Healthy Fitness Zone
test_ruler_drop,Default,MALE,63,115,24.1,30,20,Needs Improvement
test_ruler_drop,Default,FEMALE,5,12,1,15,90,Superior
test_ruler_drop,Default,FEMALE,5,12,15.1,22,60,Healthy Fitness Zone
test_ruler_drop,Default,FEMALE,5,12,22.1,30,20,Needs Improvement
test_ruler_drop,Default,FEMALE,13,19,1,12,90,Superior
test_ruler_drop,Default,FEMALE,13,19,12.1,19,60,Healthy Fitness Zone
test_ruler_drop,Default,FEMALE,13,19,19.1,30,20,Needs Improvement
test_ruler_drop,Default,FEMALE,20,40,1,11,90,Superior
test_ruler_drop,Default,FEMALE,20,40,11.1,18,60,Healthy Fitness Zone
test_ruler_drop,Default,FEMALE,20,40,18.1,30,20,Needs Improvement
test_ruler_drop,Default,FEMALE,41,62,1,14,90,Superior
test_ruler_drop,Default,FEMALE,41,62,14.1,21,60,Healthy Fitness Zone
test_ruler_drop,Default,FEMALE,41,62,21.1,30,20,Needs Improvement
test_ruler_drop,Default,FEMALE,63,115,1,17,90,Superior
test_ruler_drop,Default,FEMALE,63,115,17.1,24,60,Healthy Fitness Zone
test_ruler_drop,Default,FEMALE,63,115,24.1,30,20,Needs Improvement
test_color_cone_reaction,Default,MALE,5,12,1.2,3.1,90,Superior
test_color_cone_reaction,Default,MALE,5,12,3.11,4.2,60,Healthy Fitness Zone
test_color_cone_reaction,Default,MALE,5,12,4.21,8,20,Needs Improvement
test_color_cone_reaction,Default,MALE,13,19,1.2,2.4,90,Superior
test_color_cone_reaction,Default,MALE,13,19,2.41,3.3,60,Healthy Fitness Zone
test_color_cone_reaction,Default,MALE,13,19,3.31,8,20,Needs Improvement
test_color_cone_reaction,Default,MALE,20,40,1.2,2.15,90,Superior
test_color_cone_reaction,Default,MALE,20,40,2.16,3,60,Healthy Fitness Zone
test_color_cone_reaction,Default,MALE,20,40,3.01,8,20,Needs Improvement
test_color_cone_reaction,Default,MALE,41,62,1.2,2.55,90,Superior
test_color_cone_reaction,Default,MALE,41,62,2.56,3.5,60,Healthy Fitness Zone
test_color_cone_reaction,Default,MALE,41,62,3.51,8,20,Needs Improvement
test_color_cone_reaction,Default,MALE,63,115,1.2,3.35,90,Superior
test_color_cone_reaction,Default,MALE,63,115,3.36,4.5,60,Healthy Fitness Zone
test_color_cone_reaction,Default,MALE,63,115,4.51,8,20,Needs Improvement
test_color_cone_reaction,Default,FEMALE,5,12,1.2,3.25,90,Superior
test_color_cone_reaction,Default,FEMALE,5,12,3.26,4.4,60,Healthy Fitness Zone
test_color_cone_reaction,Default,FEMALE,5,12,4.41,8,20,Needs Improvement
test_color_cone_reaction,Default,FEMALE,13,19,1.2,2.55,90,Superior
test_color_cone_reaction,Default,FEMALE,13,19,2.56,3.5,60,Healthy Fitness Zone
test_color_cone_reaction,Default,FEMALE,13,19,3.51,8,20,Needs Improvement
test_color_cone_reaction,Default,FEMALE,20,40,1.2,2.25,90,Superior
test_color_cone_reaction,Default,FEMALE,20,40,2.26,3.15,60,Healthy Fitness Zone
test_color_cone_reaction,Default,FEMALE,20,40,3.16,8,20,Needs Improvement
test_color_cone_reaction,Default,FEMALE,41,62,1.2,2.7,90,Superior
test_color_cone_reaction,Default,FEMALE,41,62,2.71,3.7,60,Healthy Fitness Zone
test_color_cone_reaction,Default,FEMALE,41,62,3.71,8,20,Needs Improvement
test_color_cone_reaction,Default,FEMALE,63,115,1.2,3.5,90,Superior
test_color_cone_reaction,Default,FEMALE,63,115,3.51,4.7,60,Healthy Fitness Zone
test_color_cone_reaction,Default,FEMALE,63,115,4.71,8,20,Needs Improvement
test_clap_reaction,Default,MALE,5,12,0.8,2.3,90,Superior
test_clap_reaction,Default,MALE,5,12,2.31,3.2,60,Healthy Fitness Zone
test_clap_reaction,Default,MALE,5,12,3.21,6,20,Needs Improvement
test_clap_reaction,Default,MALE,13,19,0.8,1.8,90,Superior
test_clap_reaction,Default,MALE,13,19,1.81,2.5,60,Healthy Fitness Zone
test_clap_reaction,Default,MALE,13,19,2.51,6,20,Needs Improvement
test_clap_reaction,Default,MALE,20,40,0.8,1.6,90,Superior
test_clap_reaction,Default,MALE,20,40,1.61,2.25,60,Healthy Fitness Zone
test_clap_reaction,Default,MALE,20,40,2.26,6,20,Needs Improvement
test_clap_reaction,Default,MALE,41,62,0.8,1.9,90,Superior
test_clap_reaction,Default,MALE,41,62,1.91,2.6,60,Healthy Fitness Zone
test_clap_reaction,Default,MALE,41,62,2.61,6,20,Needs Improvement
test_clap_reaction,Default,MALE,63,115,0.8,2.5,90,Superior
test_clap_reaction,Default,MALE,63,115,2.51,3.4,60,Healthy Fitness Zone
test_clap_reaction,Default,MALE,63,115,3.41,6,20,Needs Improvement
test_clap_reaction,Default,FEMALE,5,12,0.8,2.4,90,Superior
test_clap_reaction,Default,FEMALE,5,12,2.41,3.35,60,Healthy Fitness Zone
test_clap_reaction,Default,FEMALE,5,12,3.36,6,20,Needs Improvement
test_clap_reaction,Default,FEMALE,13,19,0.8,1.9,90,Superior
test_clap_reaction,Default,FEMALE,13,19,1.91,2.65,60,Healthy Fitness Zone
test_clap_reaction,Default,FEMALE,13,19,2.66,6,20,Needs Improvement
test_clap_reaction,Default,FEMALE,20,40,0.8,1.7,90,Superior
test_clap_reaction,Default,FEMALE,20,40,1.71,2.35,60,Healthy Fitness Zone
test_clap_reaction,Default,FEMALE,20,40,2.36,6,20,Needs Improvement
test_clap_reaction,Default,FEMALE,41,62,0.8,2,90,Superior
test_clap_reaction,Default,FEMALE,41,62,2.01,2.75,60,Healthy Fitness Zone
test_clap_reaction,Default,FEMALE,41,62,2.76,6,20,Needs Improvement
test_clap_reaction,Default,FEMALE,63,115,0.8,2.65,90,Superior
test_clap_reaction,Default,FEMALE,63,115,2.66,3.55,60,Healthy Fitness Zone
test_clap_reaction,Default,FEMALE,63,115,3.56,6,20,Needs Improvement
test_sound_signal_sprint,Default,MALE,5,12,1.5,2.8,90,Superior
test_sound_signal_sprint,Default,MALE,5,12,2.81,3.8,60,Healthy Fitness Zone
test_sound_signal_sprint,Default,MALE,5,12,3.81,6,20,Needs Improvement
test_sound_signal_sprint,Default,MALE,13,19,1.5,2.2,90,Superior
test_sound_signal_sprint,Default,MALE,13,19,2.21,3,60,Healthy Fitness Zone
test_sound_signal_sprint,Default,MALE,13,19,3.01,6,20,Needs Improvement
test_sound_signal_sprint,Default,MALE,20,40,1.5,2,90,Superior
test_sound_signal_sprint,Default,MALE,20,40,2.01,2.7,60,Healthy Fitness Zone
test_sound_signal_sprint,Default,MALE,20,40,2.71,6,20,Needs Improvement
test_sound_signal_sprint,Default,MALE,41,62,1.5,2.3,90,Superior
test_sound_signal_sprint,Default,MALE,41,62,2.31,3.1,60,Healthy Fitness Zone
test_sound_signal_sprint,Default,MALE,41,62,3.11,6,20,Needs Improvement
test_sound_signal_sprint,Default,MALE,63,115,1.5,2.9,90,Superior
test_sound_signal_sprint,Default,MALE,63,115,2.91,3.9,60,Healthy Fitness Zone
test_sound_signal_sprint,Default,MALE,63,115,3.91,6,20,Needs Improvement
test_sound_signal_sprint,Default,FEMALE,5,12,1.5,2.95,90,Superior
test_sound_signal_sprint,Default,FEMALE,5,12,2.96,3.95,60,Healthy Fitness Zone
test_sound_signal_sprint,Default,FEMALE,5,12,3.96,6,20,Needs Improvement
test_sound_signal_sprint,Default,FEMALE,13,19,1.5,2.35,90,Superior
test_sound_signal_sprint,Default,FEMALE,13,19,2.36,3.15,60,Healthy Fitness Zone
test_sound_signal_sprint,Default,FEMALE,13,19,3.16,6,20,Needs Improvement
test_sound_signal_sprint,Default,FEMALE,20,40,1.5,2.1,90,Superior
test_sound_signal_sprint,Default,FEMALE,20,40,2.11,2.85,60,Healthy Fitness Zone
test_sound_signal_sprint,Default,FEMALE,20,40,2.86,6,20,Needs Improvement
test_sound_signal_sprint,Default,FEMALE,41,62,1.5,2.45,90,Superior
test_sound_signal_sprint,Default,FEMALE,41,62,2.46,3.25,60,Healthy Fitness Zone
test_sound_signal_sprint,Default,FEMALE,41,62,3.26,6,20,Needs Improvement
test_sound_signal_sprint,Default,FEMALE,63,115,1.5,3.1,90,Superior
test_sound_signal_sprint,Default,FEMALE,63,115,3.11,4.1,60,Healthy Fitness Zone
test_sound_signal_sprint,Default,FEMALE,63,115,4.11,6,20,Needs Improvement
test_light_signal_sprint,Default,MALE,5,12,1.55,2.9,90,Superior
test_light_signal_sprint,Default,MALE,5,12,2.91,3.9,60,Healthy Fitness Zone
test_light_signal_sprint,Default,MALE,5,12,3.91,6,20,Needs Improvement
test_light_signal_sprint,Default,MALE,13,19,1.55,2.3,90,Superior
test_light_signal_sprint,Default,MALE,13,19,2.31,3.1,60,Healthy Fitness Zone
test_light_signal_sprint,Default,MALE,13,19,3.11,6,20,Needs Improvement
test_light_signal_sprint,Default,MALE,20,40,1.55,2.1,90,Superior
test_light_signal_sprint,Default,MALE,20,40,2.11,2.8,60,Healthy Fitness Zone
test_light_signal_sprint,Default,MALE,20,40,2.81,6,20,Needs Improvement
test_light_signal_sprint,Default,MALE,41,62,1.55,2.4,90,Superior
test_light_signal_sprint,Default,MALE,41,62,2.41,3.2,60,Healthy Fitness Zone
test_light_signal_sprint,Default,MALE,41,62,3.21,6,20,Needs Improvement
test_light_signal_sprint,Default,MALE,63,115,1.55,3,90,Superior
test_light_signal_sprint,Default,MALE,63,115,3.01,4,60,Healthy Fitness Zone
test_light_signal_sprint,Default,MALE,63,115,4.01,6,20,Needs Improvement
test_light_signal_sprint,Default,FEMALE,5,12,1.55,3.05,90,Superior
test_light_signal_sprint,Default,FEMALE,5,12,3.06,4.05,60,Healthy Fitness Zone
test_light_signal_sprint,Default,FEMALE,5,12,4.06,6,20,Needs Improvement
test_light_signal_sprint,Default,FEMALE,13,19,1.55,2.45,90,Superior
test_light_signal_sprint,Default,FEMALE,13,19,2.46,3.25,60,Healthy Fitness Zone
test_light_signal_sprint,Default,FEMALE,13,19,3.26,6,20,Needs Improvement
test_light_signal_sprint,Default,FEMALE,20,40,1.55,2.2,90,Superior
test_light_signal_sprint,Default,FEMALE,20,40,2.21,2.95,60,Healthy Fitness Zone
test_light_signal_sprint,Default,FEMALE,20,40,2.96,6,20,Needs Improvement
test_light_signal_sprint,Default,FEMALE,41,62,1.55,2.55,90,Superior
test_light_signal_sprint,Default,FEMALE,41,62,2.56,3.35,60,Healthy Fitness Zone
test_light_signal_sprint,Default,FEMALE,41,62,3.36,6,20,Needs Improvement
test_light_signal_sprint,Default,FEMALE,63,115,1.55,3.2,90,Superior
test_light_signal_sprint,Default,FEMALE,63,115,3.21,4.2,60,Healthy Fitness Zone
test_light_signal_sprint,Default,FEMALE,63,115,4.21,6,20,Needs Improvement
test_partner_point,Default,MALE,5,12,1,2.5,90,Superior
test_partner_point,Default,MALE,5,12,2.51,3.5,60,Healthy Fitness Zone
test_partner_point,Default,MALE,5,12,3.51,6,20,Needs Improvement
test_partner_point,Default,MALE,13,19,1,1.95,90,Superior
test_partner_point,Default,MALE,13,19,1.96,2.7,60,Healthy Fitness Zone
test_partner_point,Default,MALE,13,19,2.71,6,20,Needs Improvement
test_partner_point,Default,MALE,20,40,1,1.75,90,Superior
test_partner_point,Default,MALE,20,40,1.76,2.45,60,Healthy Fitness Zone
test_partner_point,Default,MALE,20,40,2.46,6,20,Needs Improvement
test_partner_point,Default,MALE,41,62,1,2.05,90,Superior
test_partner_point,Default,MALE,41,62,2.06,2.8,60,Healthy Fitness Zone
test_partner_point,Default,MALE,41,62,2.81,6,20,Needs Improvement
test_partner_point,Default,MALE,63,115,1,2.65,90,Superior
test_partner_point,Default,MALE,63,115,2.66,3.6,60,Healthy Fitness Zone
test_partner_point,Default,MALE,63,115,3.61,6,20,Needs Improvement
test_partner_point,Default,FEMALE,5,12,1,2.65,90,Superior
test_partner_point,Default,FEMALE,5,12,2.66,3.65,60,Healthy Fitness Zone
test_partner_point,Default,FEMALE,5,12,3.66,6,20,Needs Improvement
test_partner_point,Default,FEMALE,13,19,1,2.1,90,Superior
test_partner_point,Default,FEMALE,13,19,2.11,2.85,60,Healthy Fitness Zone
test_partner_point,Default,FEMALE,13,19,2.86,6,20,Needs Improvement
test_partner_point,Default,FEMALE,20,40,1,1.85,90,Superior
test_partner_point,Default,FEMALE,20,40,1.86,2.55,60,Healthy Fitness Zone
test_partner_point,Default,FEMALE,20,40,2.56,6,20,Needs Improvement
test_partner_point,Default,FEMALE,41,62,1,2.2,90,Superior
test_partner_point,Default,FEMALE,41,62,2.21,2.95,60,Healthy Fitness Zone
test_partner_point,Default,FEMALE,41,62,2.96,6,20,Needs Improvement
test_partner_point,Default,FEMALE,63,115,1,2.8,90,Superior
test_partner_point,Default,FEMALE,63,115,2.81,3.75,60,Healthy Fitness Zone
test_partner_point,Default,FEMALE,63,115,3.76,6,20,Needs Improvement
test_pull_up,Default,MALE,5,12,0,0,20,Needs Improvement
test_pull_up,Default,MALE,5,12,1,4,60,Healthy Fitness Zone
test_pull_up,Default,MALE,5,12,5,75,90,Superior
test_pull_up,Default,FEMALE,5,12,0,0,20,Needs Improvement
test_pull_up,Default,FEMALE,5,12,1,2,60,Healthy Fitness Zone
test_pull_up,Default,FEMALE,5,12,3,75,90,Superior
test_pull_up,Default,MALE,13,19,0,4,20,Needs Improvement
test_pull_up,Default,MALE,13,19,5,11,60,Healthy Fitness Zone
test_pull_up,Default,MALE,13,19,12,75,90,Superior
test_pull_up,Default,FEMALE,13,19,0,0,20,Needs Improvement
test_pull_up,Default,FEMALE,13,19,1,2,60,Healthy Fitness Zone
test_pull_up,Default,FEMALE,13,19,3,75,90,Superior
test_pull_up,Default,MALE,20,40,0,5,20,Needs Improvement
test_pull_up,Default,MALE,20,40,6,13,60,Healthy Fitness Zone
test_pull_up,Default,MALE,20,40,14,75,90,Superior
test_pull_up,Default,FEMALE,20,40,0,1,20,Needs Improvement
test_pull_up,Default,FEMALE,20,40,2,4,60,Healthy Fitness Zone
test_pull_up,Default,FEMALE,20,40,5,75,90,Superior
test_pull_up,Default,MALE,41,62,0,3,20,Needs Improvement
test_pull_up,Default,MALE,41,62,4,9,60,Healthy Fitness Zone
test_pull_up,Default,MALE,41,62,10,75,90,Superior
test_pull_up,Default,FEMALE,41,62,0,0,20,Needs Improvement
test_pull_up,Default,FEMALE,41,62,1,2,60,Healthy Fitness Zone
test_pull_up,Default,FEMALE,41,62,3,75,90,Superior
test_pull_up,Default,MALE,63,115,0,0,20,Needs Improvement
test_pull_up,Default,MALE,63,115,1,3,60,Healthy Fitness Zone
test_pull_up,Default,MALE,63,115,4,75,90,Superior
test_pull_up,Default,FEMALE,63,115,0,0,20,Needs Improvement
test_pull_up,Default,FEMALE,63,115,1,1,60,Healthy Fitness Zone
test_pull_up,Default,FEMALE,63,115,2,75,90,Superior
test_1_5_mile_run,Default,MALE,5,12,901,2000,20,Needs Improvement
test_1_5_mile_run,Default,MALE,5,12,661,900,60,Healthy Fitness Zone
test_1_5_mile_run,Default,MALE,5,12,300,660,90,Superior
test_1_5_mile_run,Default,FEMALE,5,12,961,2000,20,Needs Improvement
test_1_5_mile_run,Default,FEMALE,5,12,721,960,60,Healthy Fitness Zone
test_1_5_mile_run,Default,FEMALE,5,12,330,720,90,Superior
test_1_5_mile_run,Default,MALE,13,19,841,2000,20,Needs Improvement
test_1_5_mile_run,Default,MALE,13,19,601,840,60,Healthy Fitness Zone
test_1_5_mile_run,Default,MALE,13,19,280,600,90,Superior
test_1_5_mile_run,Default,FEMALE,13,19,901,2000,20,Needs Improvement
test_1_5_mile_run,Default,FEMALE,13,19,661,900,60,Healthy Fitness Zone
test_1_5_mile_run,Default,FEMALE,13,19,300,660,90,Superior
test_1_5_mile_run,Default,MALE,20,40,781,2000,20,Needs Improvement
test_1_5_mile_run,Default,MALE,20,40,541,780,60,Healthy Fitness Zone
test_1_5_mile_run,Default,MALE,20,40,240,540,90,Superior
test_1_5_mile_run,Default,FEMALE,20,40,841,2000,20,Needs Improvement
test_1_5_mile_run,Default,FEMALE,20,40,601,840,60,Healthy Fitness Zone
test_1_5_mile_run,Default,FEMALE,20,40,270,600,90,Superior
test_1_5_mile_run,Default,MALE,41,62,901,2000,20,Needs Improvement
test_1_5_mile_run,Default,MALE,41,62,661,900,60,Healthy Fitness Zone
test_1_5_mile_run,Default,MALE,41,62,300,660,90,Superior
test_1_5_mile_run,Default,FEMALE,41,62,961,2000,20,Needs Improvement
test_1_5_mile_run,Default,FEMALE,41,62,721,960,60,Healthy Fitness Zone
test_1_5_mile_run,Default,FEMALE,41,62,330,720,90,Superior
test_1_5_mile_run,Default,MALE,63,115,1021,2500,20,Needs Improvement
test_1_5_mile_run,Default,MALE,63,115,781,1020,60,Healthy Fitness Zone
test_1_5_mile_run,Default,MALE,63,115,360,780,90,Superior
test_1_5_mile_run,Default,FEMALE,63,115,1081,2500,20,Needs Improvement
test_1_5_mile_run,Default,FEMALE,63,115,841,1080,60,Healthy Fitness Zone
test_1_5_mile_run,Default,FEMALE,63,115,390,840,90,Superior
